location,date,vaccine,source_url,total_vaccinations,people_vaccinated,people_fully_vaccinated
Australia,2021-02-15,Pfizer/BioNTech,https://covidlive.com.au/vaccinations,0,0,0
Australia,2021-02-16,Pfizer/BioNTech,https://covidlive.com.au/vaccinations,0,0,0
Australia,2021-02-17,Pfizer/BioNTech,https://covidlive.com.au/vaccinations,0,0,0
Australia,2021-02-18,Pfizer/BioNTech,https://covidlive.com.au/vaccinations,0,0,0
Australia,2021-02-19,Pfizer/BioNTech,https://covidlive.com.au/vaccinations,0,0,0
Australia,2021-02-20,Pfizer/BioNTech,https://covidlive.com.au/vaccinations,0,0,0
Australia,2021-02-21,Pfizer/BioNTech,https://covidlive.com.au/vaccinations,0,0,0
Australia,2021-02-22,Pfizer/BioNTech,https://covidlive.com.au/vaccinations,20,20,0
Australia,2021-02-23,Pfizer/BioNTech,https://covidlive.com.au/vaccinations,2879,2879,0
Australia,2021-02-24,Pfizer/BioNTech,https://covidlive.com.au/vaccinations,6908,6908,0
Australia,2021-02-25,Pfizer/BioNTech,https://covidlive.com.au/vaccinations,17500,17500,0
Australia,2021-02-26,Pfizer/BioNTech,https://covidlive.com.au/vaccinations,25000,25000,0
Australia,2021-02-27,Pfizer/BioNTech,https://covidlive.com.au/vaccinations,30000,30000,0
Australia,2021-02-28,Pfizer/BioNTech,https://covidlive.com.au/vaccinations,31894,31894,0
Australia,2021-03-01,Pfizer/BioNTech,https://covidlive.com.au/vaccinations,33702,33702,0
Australia,2021-03-02,Pfizer/BioNTech,https://covidlive.com.au/vaccinations,41907,41907,0
Australia,2021-03-03,Pfizer/BioNTech,https://covidlive.com.au/vaccinations,50840,50840,0
Australia,2021-03-04,Pfizer/BioNTech,https://covidlive.com.au/vaccinations,61008,61008,0
Australia,2021-03-05,Pfizer/BioNTech,https://covidlive.com.au/vaccinations,71867,71867,0
Australia,2021-03-06,Pfizer/BioNTech,https://covidlive.com.au/vaccinations,76940,76940,0
Australia,2021-03-07,Pfizer/BioNTech,https://covidlive.com.au/vaccinations,81345,81345,0
Australia,2021-03-08,"Oxford/AstraZeneca, Pfizer/BioNTech",https://covidlive.com.au/vaccinations,86369,86369,0
Australia,2021-03-09,"Oxford/AstraZeneca, Pfizer/BioNTech",https://covidlive.com.au/vaccinations,94908,94908,0
Australia,2021-03-10,"Oxford/AstraZeneca, Pfizer/BioNTech",https://covidlive.com.au/vaccinations,106200,106200,0
Australia,2021-03-11,"Oxford/AstraZeneca, Pfizer/BioNTech",https://covidlive.com.au/vaccinations,125000,125000,0
Australia,2021-03-12,"Oxford/AstraZeneca, Pfizer/BioNTech",https://covidlive.com.au/vaccinations,135103,135103,0
Australia,2021-03-13,"Oxford/AstraZeneca, Pfizer/BioNTech",https://covidlive.com.au/vaccinations,159294,159294,0
Australia,2021-03-14,"Oxford/AstraZeneca, Pfizer/BioNTech",https://covidlive.com.au/vaccinations,162551,162551,0
Australia,2021-03-15,"Oxford/AstraZeneca, Pfizer/BioNTech",https://covidlive.com.au/vaccinations,164781,,
Australia,2021-03-16,"Oxford/AstraZeneca, Pfizer/BioNTech",https://covidlive.com.au/vaccinations,182437,,
Australia,2021-03-17,"Oxford/AstraZeneca, Pfizer/BioNTech",https://covidlive.com.au/vaccinations,203557,,
Australia,2021-03-18,"Oxford/AstraZeneca, Pfizer/BioNTech",https://covidlive.com.au/vaccinations,226057,,
Australia,2021-03-19,"Oxford/AstraZeneca, Pfizer/BioNTech",https://covidlive.com.au/vaccinations,240754,,
Australia,2021-03-20,"Oxford/AstraZeneca, Pfizer/BioNTech",https://covidlive.com.au/vaccinations,253831,,
Australia,2021-03-21,"Oxford/AstraZeneca, Pfizer/BioNTech",https://covidlive.com.au/vaccinations,257019,,
Australia,2021-03-22,"Oxford/AstraZeneca, Pfizer/BioNTech",https://covidlive.com.au/vaccinations,282184,,
Australia,2021-03-23,"Oxford/AstraZeneca, Pfizer/BioNTech",https://covidlive.com.au/vaccinations,307525,,
Australia,2021-03-24,"Oxford/AstraZeneca, Pfizer/BioNTech",https://covidlive.com.au/vaccinations,355254,,
Australia,2021-03-25,"Oxford/AstraZeneca, Pfizer/BioNTech",https://covidlive.com.au/vaccinations,408410,,
Australia,2021-03-26,"Oxford/AstraZeneca, Pfizer/BioNTech",https://covidlive.com.au/vaccinations,460155,,
Australia,2021-03-27,"Oxford/AstraZeneca, Pfizer/BioNTech",https://covidlive.com.au/vaccinations,506465,,
Australia,2021-03-28,"Oxford/AstraZeneca, Pfizer/BioNTech",https://covidlive.com.au/vaccinations,511520,,
Australia,2021-03-29,"Oxford/AstraZeneca, Pfizer/BioNTech",https://covidlive.com.au/vaccinations,541761,,
Australia,2021-03-30,"Oxford/AstraZeneca, Pfizer/BioNTech",https://covidlive.com.au/vaccinations,597523,,
Australia,2021-03-31,"Oxford/AstraZeneca, Pfizer/BioNTech",https://covidlive.com.au/vaccinations,670349,,
Australia,2021-04-01,"Oxford/AstraZeneca, Pfizer/BioNTech",https://covidlive.com.au/vaccinations,744328,,
Australia,2021-04-02,"Oxford/AstraZeneca, Pfizer/BioNTech",https://covidlive.com.au/vaccinations,823611,,
Australia,2021-04-03,"Oxford/AstraZeneca, Pfizer/BioNTech",https://covidlive.com.au/vaccinations,828416,,
Australia,2021-04-04,"Oxford/AstraZeneca, Pfizer/BioNTech",https://covidlive.com.au/vaccinations,843182,,
Australia,2021-04-05,"Oxford/AstraZeneca, Pfizer/BioNTech",https://covidlive.com.au/vaccinations,844309,,
Australia,2021-04-06,"Oxford/AstraZeneca, Pfizer/BioNTech",https://covidlive.com.au/vaccinations,854983,,
Australia,2021-04-07,"Oxford/AstraZeneca, Pfizer/BioNTech",https://covidlive.com.au/vaccinations,920334,,
Australia,2021-04-08,"Oxford/AstraZeneca, Pfizer/BioNTech",https://covidlive.com.au/vaccinations,996145,,
Australia,2021-04-09,"Oxford/AstraZeneca, Pfizer/BioNTech",https://covidlive.com.au/vaccinations,1077511,,
Australia,2021-04-10,"Oxford/AstraZeneca, Pfizer/BioNTech",https://covidlive.com.au/vaccinations,1138866,,
Australia,2021-04-11,"Oxford/AstraZeneca, Pfizer/BioNTech",https://covidlive.com.au/vaccinations,1166568,,
Australia,2021-04-12,"Oxford/AstraZeneca, Pfizer/BioNTech",https://covidlive.com.au/vaccinations,1178302,,
Australia,2021-04-13,"Oxford/AstraZeneca, Pfizer/BioNTech",https://covidlive.com.au/vaccinations,1234681,,
Australia,2021-04-14,"Oxford/AstraZeneca, Pfizer/BioNTech",https://covidlive.com.au/vaccinations,1295672,,
Australia,2021-04-15,"Oxford/AstraZeneca, Pfizer/BioNTech",https://covidlive.com.au/vaccinations,1359665,,
Australia,2021-04-16,"Oxford/AstraZeneca, Pfizer/BioNTech",https://covidlive.com.au/vaccinations,1420577,,
Australia,2021-04-17,"Oxford/AstraZeneca, Pfizer/BioNTech",https://covidlive.com.au/vaccinations,1474558,,
Australia,2021-04-18,"Oxford/AstraZeneca, Pfizer/BioNTech",https://covidlive.com.au/vaccinations,1496912,,
Australia,2021-04-19,"Oxford/AstraZeneca, Pfizer/BioNTech",https://covidlive.com.au/vaccinations,1586556,,
Australia,2021-04-20,"Oxford/AstraZeneca, Pfizer/BioNTech",https://covidlive.com.au/vaccinations,1653286,,
Australia,2021-04-21,"Oxford/AstraZeneca, Pfizer/BioNTech",https://covidlive.com.au/vaccinations,1718107,,
Australia,2021-04-22,"Oxford/AstraZeneca, Pfizer/BioNTech",https://covidlive.com.au/vaccinations,1785338,,
Australia,2021-04-23,"Oxford/AstraZeneca, Pfizer/BioNTech",https://covidlive.com.au/vaccinations,1855601,,
Australia,2021-04-24,"Oxford/AstraZeneca, Pfizer/BioNTech",https://covidlive.com.au/vaccinations,1914047,,
Australia,2021-04-25,"Oxford/AstraZeneca, Pfizer/BioNTech",https://covidlive.com.au/vaccinations,1934077,,
Australia,2021-04-26,"Oxford/AstraZeneca, Pfizer/BioNTech",https://covidlive.com.au/vaccinations,1937485,,
Australia,2021-04-27,"Oxford/AstraZeneca, Pfizer/BioNTech",https://covidlive.com.au/vaccinations,1969337,,
Australia,2021-04-28,"Oxford/AstraZeneca, Pfizer/BioNTech",https://covidlive.com.au/vaccinations,2029544,,
Australia,2021-04-29,"Oxford/AstraZeneca, Pfizer/BioNTech",https://covidlive.com.au/vaccinations,2112285,,
Australia,2021-04-30,"Oxford/AstraZeneca, Pfizer/BioNTech",https://covidlive.com.au/vaccinations,2179544,,
Australia,2021-05-01,"Oxford/AstraZeneca, Pfizer/BioNTech",https://covidlive.com.au/vaccinations,2234844,,
Australia,2021-05-02,"Oxford/AstraZeneca, Pfizer/BioNTech",https://covidlive.com.au/vaccinations,2254074,,
Australia,2021-05-03,"Oxford/AstraZeneca, Pfizer/BioNTech",https://covidlive.com.au/vaccinations,2260615,,
Australia,2021-05-04,"Oxford/AstraZeneca, Pfizer/BioNTech",https://covidlive.com.au/vaccinations,2316969,,
Australia,2021-05-05,"Oxford/AstraZeneca, Pfizer/BioNTech",https://covidlive.com.au/vaccinations,2396314,,
Australia,2021-05-06,"Oxford/AstraZeneca, Pfizer/BioNTech",https://covidlive.com.au/vaccinations,2473529,,
Australia,2021-05-07,"Oxford/AstraZeneca, Pfizer/BioNTech",https://covidlive.com.au/vaccinations,2554531,,
Australia,2021-05-08,"Oxford/AstraZeneca, Pfizer/BioNTech",https://covidlive.com.au/vaccinations,2627725,,
Australia,2021-05-09,"Oxford/AstraZeneca, Pfizer/BioNTech",https://covidlive.com.au/vaccinations,2654338,,
Australia,2021-05-10,"Oxford/AstraZeneca, Pfizer/BioNTech",https://covidlive.com.au/vaccinations,2663221,,
Australia,2021-05-11,"Oxford/AstraZeneca, Pfizer/BioNTech",https://covidlive.com.au/vaccinations,2736107,,
Australia,2021-05-12,"Oxford/AstraZeneca, Pfizer/BioNTech",https://covidlive.com.au/vaccinations,2812486,,
Australia,2021-05-13,"Oxford/AstraZeneca, Pfizer/BioNTech",https://covidlive.com.au/vaccinations,2894770,,
Australia,2021-05-14,"Oxford/AstraZeneca, Pfizer/BioNTech",https://covidlive.com.au/vaccinations,2978265,,
Australia,2021-05-15,"Oxford/AstraZeneca, Pfizer/BioNTech",https://covidlive.com.au/vaccinations,3056797,,
Australia,2021-05-16,"Oxford/AstraZeneca, Pfizer/BioNTech",https://covidlive.com.au/vaccinations,3089184,,
Australia,2021-05-17,"Oxford/AstraZeneca, Pfizer/BioNTech",https://covidlive.com.au/vaccinations,3100137,,
Australia,2021-05-18,"Oxford/AstraZeneca, Pfizer/BioNTech",https://covidlive.com.au/vaccinations,3183324,,
Australia,2021-05-19,"Oxford/AstraZeneca, Pfizer/BioNTech",https://covidlive.com.au/vaccinations,3278854,,
Australia,2021-05-20,"Oxford/AstraZeneca, Pfizer/BioNTech",https://covidlive.com.au/vaccinations,3371728,,
Australia,2021-05-21,"Oxford/AstraZeneca, Pfizer/BioNTech",https://covidlive.com.au/vaccinations,3472874,,
Australia,2021-05-22,"Oxford/AstraZeneca, Pfizer/BioNTech",https://covidlive.com.au/vaccinations,3562495,,
Australia,2021-05-23,"Oxford/AstraZeneca, Pfizer/BioNTech",https://covidlive.com.au/vaccinations,3599964,,
Australia,2021-05-24,"Oxford/AstraZeneca, Pfizer/BioNTech",https://covidlive.com.au/vaccinations,3613053,3196760,416293
Australia,2021-05-25,"Oxford/AstraZeneca, Pfizer/BioNTech",https://covidlive.com.au/vaccinations,3690622,3271385,419237
Australia,2021-05-26,"Oxford/AstraZeneca, Pfizer/BioNTech",https://covidlive.com.au/vaccinations,3795280,3322398,472882
Australia,2021-05-27,"Oxford/AstraZeneca, Pfizer/BioNTech",https://covidlive.com.au/vaccinations,3906668,3424987,481681
Australia,2021-05-28,"Oxford/AstraZeneca, Pfizer/BioNTech",https://covidlive.com.au/vaccinations,4031539,3540220,491319
Australia,2021-05-29,"Oxford/AstraZeneca, Pfizer/BioNTech",https://covidlive.com.au/vaccinations,4153149,3657125,496024
Australia,2021-05-30,"Oxford/AstraZeneca, Pfizer/BioNTech",https://covidlive.com.au/vaccinations,4212899,3715078,497821
Australia,2021-05-31,"Oxford/AstraZeneca, Pfizer/BioNTech",https://covidlive.com.au/vaccinations,4243600,3744363,499237
Australia,2021-06-01,"Oxford/AstraZeneca, Pfizer/BioNTech",https://covidlive.com.au/vaccinations,4362739,3859771,502968
Australia,2021-06-02,"Oxford/AstraZeneca, Pfizer/BioNTech",https://covidlive.com.au/vaccinations,4501444,3960813,540631
Australia,2021-06-03,"Oxford/AstraZeneca, Pfizer/BioNTech",https://covidlive.com.au/vaccinations,4642703,4093811,548892
Australia,2021-06-04,"Oxford/AstraZeneca, Pfizer/BioNTech",https://covidlive.com.au/vaccinations,4786362,4228887,557475
Australia,2021-06-05,"Oxford/AstraZeneca, Pfizer/BioNTech",https://covidlive.com.au/vaccinations,4927607,4362791,564816
Australia,2021-06-06,"Oxford/AstraZeneca, Pfizer/BioNTech",https://covidlive.com.au/vaccinations,5016352,4447862,568490
Australia,2021-06-07,"Oxford/AstraZeneca, Pfizer/BioNTech",https://covidlive.com.au/vaccinations,5076413,4500429,575984
Australia,2021-06-08,"Oxford/AstraZeneca, Pfizer/BioNTech",https://covidlive.com.au/vaccinations,5203977,4568861,635116
Australia,2021-06-09,"Oxford/AstraZeneca, Pfizer/BioNTech",https://covidlive.com.au/vaccinations,5344862,4695288,649574
Australia,2021-06-10,"Oxford/AstraZeneca, Pfizer/BioNTech",https://covidlive.com.au/vaccinations,5487670,4831188,656482
Australia,2021-06-11,"Oxford/AstraZeneca, Pfizer/BioNTech",https://covidlive.com.au/vaccinations,5641008,4972011,668997
Australia,2021-06-12,"Oxford/AstraZeneca, Pfizer/BioNTech",https://covidlive.com.au/vaccinations,5773924,5090527,683397
Australia,2021-06-13,"Oxford/AstraZeneca, Pfizer/BioNTech",https://covidlive.com.au/vaccinations,5834746,5141504,693242
Australia,2021-06-14,"Oxford/AstraZeneca, Pfizer/BioNTech",https://covidlive.com.au/vaccinations,5867299,5172427,694872
Australia,2021-06-15,"Oxford/AstraZeneca, Pfizer/BioNTech",https://covidlive.com.au/vaccinations,5931245,5232353,698892
Australia,2021-06-16,"Oxford/AstraZeneca, Pfizer/BioNTech",https://covidlive.com.au/vaccinations,6083320,5304987,778333
Australia,2021-06-17,"Oxford/AstraZeneca, Pfizer/BioNTech",https://covidlive.com.au/vaccinations,6219330,5418764,800566
Australia,2021-06-18,"Oxford/AstraZeneca, Pfizer/BioNTech",https://covidlive.com.au/vaccinations,6360666,5539659,821007
Australia,2021-06-22,"Oxford/AstraZeneca, Pfizer/BioNTech",https://covidlive.com.au/vaccinations,6719384,5632040,1087344
Australia,2021-06-23,"Oxford/AstraZeneca, Pfizer/BioNTech",https://covidlive.com.au/vaccinations,6860276,5745875,1114401
Australia,2021-06-24,"Oxford/AstraZeneca, Pfizer/BioNTech",https://covidlive.com.au/vaccinations,6999198,5868407,1130791
Australia,2021-06-25,"Oxford/AstraZeneca, Pfizer/BioNTech",https://covidlive.com.au/vaccinations,7137632,5967916,1169716
Australia,2021-06-29,"Oxford/AstraZeneca, Pfizer/BioNTech",https://covidlive.com.au/vaccinations,7500700,6023340,1477360
Australia,2021-06-30,"Oxford/AstraZeneca, Pfizer/BioNTech",https://covidlive.com.au/vaccinations,7645585,6144110,1501475
Australia,2021-07-02,"Oxford/AstraZeneca, Pfizer/BioNTech",https://covidlive.com.au/vaccinations,7970153,6243880,1726273
Australia,2021-07-03,"Oxford/AstraZeneca, Pfizer/BioNTech",https://covidlive.com.au/vaccinations,8121649,6313383,1808266
Australia,2021-07-04,"Oxford/AstraZeneca, Pfizer/BioNTech",https://covidlive.com.au/vaccinations,8201367,6345621,1855746
Australia,2021-07-05,"Oxford/AstraZeneca, Pfizer/BioNTech",https://covidlive.com.au/vaccinations,8255473,6377852,1877621
Australia,2021-07-06,"Oxford/AstraZeneca, Pfizer/BioNTech",https://covidlive.com.au/vaccinations,8402191,6457966,1944225
Australia,2021-07-07,"Oxford/AstraZeneca, Pfizer/BioNTech",https://covidlive.com.au/vaccinations,8567666,6543731,2023935
Australia,2021-07-08,"Oxford/AstraZeneca, Pfizer/BioNTech",https://covidlive.com.au/vaccinations,8706799,6607324,2099475
Australia,2021-07-09,"Oxford/AstraZeneca, Pfizer/BioNTech",https://covidlive.com.au/vaccinations,8871572,6691028,2180544
Australia,2021-07-10,"Oxford/AstraZeneca, Pfizer/BioNTech",https://covidlive.com.au/vaccinations,9014072,6759474,2254598
Australia,2021-07-11,"Oxford/AstraZeneca, Pfizer/BioNTech",https://covidlive.com.au/vaccinations,9097969,6794122,2303847
Australia,2021-07-12,"Oxford/AstraZeneca, Pfizer/BioNTech",https://covidlive.com.au/vaccinations,9149817,6824096,2325721
Australia,2021-07-13,"Oxford/AstraZeneca, Pfizer/BioNTech",https://covidlive.com.au/vaccinations,9304026,6903254,2400772
Australia,2021-07-14,"Oxford/AstraZeneca, Pfizer/BioNTech",https://covidlive.com.au/vaccinations,9469145,6980496,2488649
Australia,2021-07-15,"Oxford/AstraZeneca, Pfizer/BioNTech",https://covidlive.com.au/vaccinations,9631807,7053295,2578512
Australia,2021-07-16,"Oxford/AstraZeneca, Pfizer/BioNTech",https://covidlive.com.au/vaccinations,9806809,7136864,2669945
Australia,2021-07-17,"Oxford/AstraZeneca, Pfizer/BioNTech",https://covidlive.com.au/vaccinations,9970746,7217235,2753511
Australia,2021-07-18,"Oxford/AstraZeneca, Pfizer/BioNTech",https://covidlive.com.au/vaccinations,10067446,7265578,2801868
Australia,2021-07-19,"Oxford/AstraZeneca, Pfizer/BioNTech",https://covidlive.com.au/vaccinations,10125533,7297274,2828259
Australia,2021-07-20,"Oxford/AstraZeneca, Pfizer/BioNTech",https://covidlive.com.au/vaccinations,10295444,7388641,2906803
Australia,2021-07-21,"Oxford/AstraZeneca, Pfizer/BioNTech",https://covidlive.com.au/vaccinations,10470033,7475337,2994696
Australia,2021-07-22,"Oxford/AstraZeneca, Pfizer/BioNTech",https://covidlive.com.au/vaccinations,10654563,7564430,3090133
Australia,2021-07-23,"Oxford/AstraZeneca, Pfizer/BioNTech",https://covidlive.com.au/vaccinations,10850993,7667567,3183426
Australia,2021-07-24,"Oxford/AstraZeneca, Pfizer/BioNTech",https://covidlive.com.au/vaccinations,11032835,7760871,3271964
Australia,2021-07-25,"Oxford/AstraZeneca, Pfizer/BioNTech",https://covidlive.com.au/vaccinations,11140511,7813298,3327213
Australia,2021-07-26,"Oxford/AstraZeneca, Pfizer/BioNTech",https://covidlive.com.au/vaccinations,11211447,7852442,3359005
Australia,2021-07-27,"Oxford/AstraZeneca, Pfizer/BioNTech",https://covidlive.com.au/vaccinations,11396784,7951762,3445022
Australia,2021-07-28,"Oxford/AstraZeneca, Pfizer/BioNTech",https://covidlive.com.au/vaccinations,11593766,8048704,3545062
Australia,2021-07-29,"Oxford/AstraZeneca, Pfizer/BioNTech",https://covidlive.com.au/vaccinations,11795236,8170354,3624882
Australia,2021-07-30,"Oxford/AstraZeneca, Pfizer/BioNTech",https://covidlive.com.au/vaccinations,12005978,8276192,3729786
Australia,2021-07-31,"Oxford/AstraZeneca, Pfizer/BioNTech",https://covidlive.com.au/vaccinations,12206684,8373750,3832934
Australia,2021-08-01,"Oxford/AstraZeneca, Pfizer/BioNTech",https://covidlive.com.au/vaccinations,12317727,8424188,3893539
Australia,2021-08-02,"Oxford/AstraZeneca, Pfizer/BioNTech",https://covidlive.com.au/vaccinations,12393893,8462933,3930960
Australia,2021-08-03,"Oxford/AstraZeneca, Pfizer/BioNTech",https://covidlive.com.au/vaccinations,12594451,8566793,4027658
Australia,2021-08-04,"Oxford/AstraZeneca, Pfizer/BioNTech",https://covidlive.com.au/vaccinations,12808398,8669236,4139162
Australia,2021-08-05,"Oxford/AstraZeneca, Pfizer/BioNTech",https://covidlive.com.au/vaccinations,13030257,8775905,4254352
Australia,2021-08-06,"Oxford/AstraZeneca, Pfizer/BioNTech",https://covidlive.com.au/vaccinations,13270296,8897750,4372546
Australia,2021-08-07,"Oxford/AstraZeneca, Pfizer/BioNTech",https://covidlive.com.au/vaccinations,13496355,9006750,4489605
