location,date,vaccine,source_url,total_vaccinations,people_vaccinated,people_fully_vaccinated
Israel,2020-12-19,Pfizer/BioNTech,https://datadashboard.health.gov.il/COVID-19/general,60,60,
Israel,2020-12-20,Pfizer/BioNTech,https://datadashboard.health.gov.il/COVID-19/general,7434,7434,
Israel,2020-12-21,Pfizer/BioNTech,https://datadashboard.health.gov.il/COVID-19/general,32318,32318,
Israel,2020-12-22,Pfizer/BioNTech,https://datadashboard.health.gov.il/COVID-19/general,76934,76934,
Israel,2020-12-23,Pfizer/BioNTech,https://datadashboard.health.gov.il/COVID-19/general,139768,139768,
Israel,2020-12-24,Pfizer/BioNTech,https://datadashboard.health.gov.il/COVID-19/general,213099,213099,
Israel,2020-12-25,Pfizer/BioNTech,https://datadashboard.health.gov.il/COVID-19/general,251551,251551,
Israel,2020-12-26,Pfizer/BioNTech,https://datadashboard.health.gov.il/COVID-19/general,284123,284123,
Israel,2020-12-27,Pfizer/BioNTech,https://datadashboard.health.gov.il/COVID-19/general,388492,388492,
Israel,2020-12-28,Pfizer/BioNTech,https://datadashboard.health.gov.il/COVID-19/general,523305,523305,
Israel,2020-12-29,Pfizer/BioNTech,https://datadashboard.health.gov.il/COVID-19/general,679265,679265,
Israel,2020-12-30,Pfizer/BioNTech,https://datadashboard.health.gov.il/COVID-19/general,832000,832000,
Israel,2020-12-31,Pfizer/BioNTech,https://datadashboard.health.gov.il/COVID-19/general,990191,990191,
Israel,2021-01-01,Pfizer/BioNTech,https://datadashboard.health.gov.il/COVID-19/general,1061426,1061426,
Israel,2021-01-02,Pfizer/BioNTech,https://datadashboard.health.gov.il/COVID-19/general,1133055,1133055,
Israel,2021-01-03,Pfizer/BioNTech,https://datadashboard.health.gov.il/COVID-19/general,1282467,1282467,
Israel,2021-01-04,Pfizer/BioNTech,https://datadashboard.health.gov.il/COVID-19/general,1434313,1434312,1
Israel,2021-01-05,Pfizer/BioNTech,https://datadashboard.health.gov.il/COVID-19/general,1559177,1559176,1
Israel,2021-01-06,Pfizer/BioNTech,https://datadashboard.health.gov.il/COVID-19/general,1662251,1662250,1
Israel,2021-01-07,"Moderna, Pfizer/BioNTech",https://datadashboard.health.gov.il/COVID-19/general,1778081,1778076,5
Israel,2021-01-08,"Moderna, Pfizer/BioNTech",https://datadashboard.health.gov.il/COVID-19/general,1844382,1844374,8
Israel,2021-01-09,"Moderna, Pfizer/BioNTech",https://datadashboard.health.gov.il/COVID-19/general,1888859,1888829,30
Israel,2021-01-10,"Moderna, Pfizer/BioNTech",https://datadashboard.health.gov.il/COVID-19/general,1932385,1926371,6014
Israel,2021-01-11,"Moderna, Pfizer/BioNTech",https://datadashboard.health.gov.il/COVID-19/general,1972615,1947386,25229
Israel,2021-01-12,"Moderna, Pfizer/BioNTech",https://datadashboard.health.gov.il/COVID-19/general,2032136,1971298,60838
Israel,2021-01-13,"Moderna, Pfizer/BioNTech",https://datadashboard.health.gov.il/COVID-19/general,2140824,2023223,117601
Israel,2021-01-14,"Moderna, Pfizer/BioNTech",https://datadashboard.health.gov.il/COVID-19/general,2265811,2079524,186287
Israel,2021-01-15,"Moderna, Pfizer/BioNTech",https://datadashboard.health.gov.il/COVID-19/general,2332282,2110143,222139
Israel,2021-01-16,"Moderna, Pfizer/BioNTech",https://datadashboard.health.gov.il/COVID-19/general,2387601,2139509,248092
Israel,2021-01-17,"Moderna, Pfizer/BioNTech",https://datadashboard.health.gov.il/COVID-19/general,2540259,2207770,332489
Israel,2021-01-18,"Moderna, Pfizer/BioNTech",https://datadashboard.health.gov.il/COVID-19/general,2729937,2277295,452642
Israel,2021-01-19,"Moderna, Pfizer/BioNTech",https://datadashboard.health.gov.il/COVID-19/general,2939970,2349877,590093
Israel,2021-01-20,"Moderna, Pfizer/BioNTech",https://datadashboard.health.gov.il/COVID-19/general,3159828,2426416,733412
Israel,2021-01-21,"Moderna, Pfizer/BioNTech",https://datadashboard.health.gov.il/COVID-19/general,3393330,2496001,897329
Israel,2021-01-22,"Moderna, Pfizer/BioNTech",https://datadashboard.health.gov.il/COVID-19/general,3501932,2533717,968215
Israel,2021-01-23,"Moderna, Pfizer/BioNTech",https://datadashboard.health.gov.il/COVID-19/general,3595226,2573571,1021655
Israel,2021-01-24,"Moderna, Pfizer/BioNTech",https://datadashboard.health.gov.il/COVID-19/general,3804463,2642507,1161956
Israel,2021-01-25,"Moderna, Pfizer/BioNTech",https://datadashboard.health.gov.il/COVID-19/general,4024343,2723249,1301094
Israel,2021-01-26,"Moderna, Pfizer/BioNTech",https://datadashboard.health.gov.il/COVID-19/general,4228868,2801731,1427137
Israel,2021-01-27,"Moderna, Pfizer/BioNTech",https://datadashboard.health.gov.il/COVID-19/general,4431262,2879431,1551831
Israel,2021-01-28,"Moderna, Pfizer/BioNTech",https://datadashboard.health.gov.il/COVID-19/general,4640944,2958843,1682101
Israel,2021-01-29,"Moderna, Pfizer/BioNTech",https://datadashboard.health.gov.il/COVID-19/general,4742074,2995367,1746707
Israel,2021-01-30,"Moderna, Pfizer/BioNTech",https://datadashboard.health.gov.il/COVID-19/general,4819024,3029657,1789367
Israel,2021-01-31,"Moderna, Pfizer/BioNTech",https://datadashboard.health.gov.il/COVID-19/general,4951546,3102842,1848704
Israel,2021-02-01,"Moderna, Pfizer/BioNTech",https://datadashboard.health.gov.il/COVID-19/general,5069038,3185122,1883916
Israel,2021-02-02,"Moderna, Pfizer/BioNTech",https://datadashboard.health.gov.il/COVID-19/general,5169851,3254987,1914864
Israel,2021-02-03,"Moderna, Pfizer/BioNTech",https://datadashboard.health.gov.il/COVID-19/general,5281196,3315062,1966134
Israel,2021-02-04,"Moderna, Pfizer/BioNTech",https://datadashboard.health.gov.il/COVID-19/general,5411508,3387454,2024054
Israel,2021-02-05,"Moderna, Pfizer/BioNTech",https://datadashboard.health.gov.il/COVID-19/general,5473943,3421232,2052711
Israel,2021-02-06,"Moderna, Pfizer/BioNTech",https://datadashboard.health.gov.il/COVID-19/general,5517616,3442767,2074849
Israel,2021-02-07,"Moderna, Pfizer/BioNTech",https://datadashboard.health.gov.il/COVID-19/general,5640103,3496710,2143393
Israel,2021-02-08,"Moderna, Pfizer/BioNTech",https://datadashboard.health.gov.il/COVID-19/general,5763791,3555195,2208596
Israel,2021-02-09,"Moderna, Pfizer/BioNTech",https://datadashboard.health.gov.il/COVID-19/general,5897195,3621319,2275876
Israel,2021-02-10,"Moderna, Pfizer/BioNTech",https://datadashboard.health.gov.il/COVID-19/general,6039490,3691658,2347832
Israel,2021-02-11,"Moderna, Pfizer/BioNTech",https://datadashboard.health.gov.il/COVID-19/general,6191927,3772557,2419370
Israel,2021-02-12,"Moderna, Pfizer/BioNTech",https://datadashboard.health.gov.il/COVID-19/general,6268278,3811496,2456782
Israel,2021-02-13,"Moderna, Pfizer/BioNTech",https://datadashboard.health.gov.il/COVID-19/general,6326019,3838885,2487134
Israel,2021-02-14,"Moderna, Pfizer/BioNTech",https://datadashboard.health.gov.il/COVID-19/general,6469626,3913618,2556008
Israel,2021-02-15,"Moderna, Pfizer/BioNTech",https://datadashboard.health.gov.il/COVID-19/general,6626444,3994944,2631500
Israel,2021-02-16,"Moderna, Pfizer/BioNTech",https://datadashboard.health.gov.il/COVID-19/general,6787811,4078268,2709543
Israel,2021-02-17,"Moderna, Pfizer/BioNTech",https://datadashboard.health.gov.il/COVID-19/general,6924956,4140067,2784889
Israel,2021-02-18,"Moderna, Pfizer/BioNTech",https://datadashboard.health.gov.il/COVID-19/general,7073437,4209045,2864392
Israel,2021-02-19,"Moderna, Pfizer/BioNTech",https://datadashboard.health.gov.il/COVID-19/general,7150997,4248610,2902387
Israel,2021-02-20,"Moderna, Pfizer/BioNTech",https://datadashboard.health.gov.il/COVID-19/general,7211226,4280194,2931032
Israel,2021-02-21,"Moderna, Pfizer/BioNTech",https://datadashboard.health.gov.il/COVID-19/general,7368898,4359512,3009386
Israel,2021-02-22,"Moderna, Pfizer/BioNTech",https://datadashboard.health.gov.il/COVID-19/general,7534146,4444393,3089753
Israel,2021-02-23,"Moderna, Pfizer/BioNTech",https://datadashboard.health.gov.il/COVID-19/general,7681575,4521589,3159986
Israel,2021-02-24,"Moderna, Pfizer/BioNTech",https://datadashboard.health.gov.il/COVID-19/general,7805328,4582465,3222862
Israel,2021-02-25,"Moderna, Pfizer/BioNTech",https://datadashboard.health.gov.il/COVID-19/general,7921394,4633977,3287416
Israel,2021-02-26,"Moderna, Pfizer/BioNTech",https://datadashboard.health.gov.il/COVID-19/general,7979038,4659733,3319304
Israel,2021-02-27,"Moderna, Pfizer/BioNTech",https://datadashboard.health.gov.il/COVID-19/general,8018423,4677989,3340433
Israel,2021-02-28,"Moderna, Pfizer/BioNTech",https://datadashboard.health.gov.il/COVID-19/general,8114307,4718155,3396151
Israel,2021-03-01,"Moderna, Pfizer/BioNTech",https://datadashboard.health.gov.il/COVID-19/general,8221089,4763666,3457422
Israel,2021-03-02,"Moderna, Pfizer/BioNTech",https://datadashboard.health.gov.il/COVID-19/general,8326629,4804673,3521955
Israel,2021-03-03,"Moderna, Pfizer/BioNTech",https://datadashboard.health.gov.il/COVID-19/general,8434980,4846459,3588520
Israel,2021-03-04,"Moderna, Pfizer/BioNTech",https://datadashboard.health.gov.il/COVID-19/general,8553311,4885934,3667376
Israel,2021-03-05,"Moderna, Pfizer/BioNTech",https://datadashboard.health.gov.il/COVID-19/general,8610797,4903098,3707698
Israel,2021-03-06,"Moderna, Pfizer/BioNTech",https://datadashboard.health.gov.il/COVID-19/general,8646644,4913666,3732977
Israel,2021-03-07,"Moderna, Pfizer/BioNTech",https://datadashboard.health.gov.il/COVID-19/general,8750299,4944637,3805661
Israel,2021-03-08,"Moderna, Pfizer/BioNTech",https://datadashboard.health.gov.il/COVID-19/general,8850546,4971795,3878750
Israel,2021-03-09,"Moderna, Pfizer/BioNTech",https://datadashboard.health.gov.il/COVID-19/general,8953529,4998296,3955232
Israel,2021-03-10,"Moderna, Pfizer/BioNTech",https://datadashboard.health.gov.il/COVID-19/general,9035131,5021387,4013743
Israel,2021-03-11,"Moderna, Pfizer/BioNTech",https://datadashboard.health.gov.il/COVID-19/general,9127082,5044445,4082635
Israel,2021-03-12,"Moderna, Pfizer/BioNTech",https://datadashboard.health.gov.il/COVID-19/general,9179479,5055539,4123938
Israel,2021-03-13,"Moderna, Pfizer/BioNTech",https://datadashboard.health.gov.il/COVID-19/general,9212511,5063388,4149121
Israel,2021-03-14,"Moderna, Pfizer/BioNTech",https://datadashboard.health.gov.il/COVID-19/general,9307172,5084214,4222956
Israel,2021-03-15,"Moderna, Pfizer/BioNTech",https://datadashboard.health.gov.il/COVID-19/general,9405140,5104120,4301018
Israel,2021-03-16,"Moderna, Pfizer/BioNTech",https://datadashboard.health.gov.il/COVID-19/general,9495035,5122654,4372379
Israel,2021-03-17,"Moderna, Pfizer/BioNTech",https://datadashboard.health.gov.il/COVID-19/general,9571371,5140155,4431214
Israel,2021-03-18,"Moderna, Pfizer/BioNTech",https://datadashboard.health.gov.il/COVID-19/general,9645165,5155981,4489182
Israel,2021-03-19,"Moderna, Pfizer/BioNTech",https://datadashboard.health.gov.il/COVID-19/general,9679788,5162731,4517055
Israel,2021-03-20,"Moderna, Pfizer/BioNTech",https://datadashboard.health.gov.il/COVID-19/general,9700133,5167848,4532283
Israel,2021-03-21,"Moderna, Pfizer/BioNTech",https://datadashboard.health.gov.il/COVID-19/general,9753530,5180881,4572647
Israel,2021-03-22,"Moderna, Pfizer/BioNTech",https://datadashboard.health.gov.il/COVID-19/general,9807258,5194234,4613022
Israel,2021-03-23,"Moderna, Pfizer/BioNTech",https://datadashboard.health.gov.il/COVID-19/general,9817016,5196837,4620177
Israel,2021-03-24,"Moderna, Pfizer/BioNTech",https://datadashboard.health.gov.il/COVID-19/general,9874161,5207631,4666528
Israel,2021-03-25,"Moderna, Pfizer/BioNTech",https://datadashboard.health.gov.il/COVID-19/general,9919461,5217667,4701792
Israel,2021-03-26,"Moderna, Pfizer/BioNTech",https://datadashboard.health.gov.il/COVID-19/general,9936686,5221674,4715010
Israel,2021-03-27,"Moderna, Pfizer/BioNTech",https://datadashboard.health.gov.il/COVID-19/general,9942596,5223384,4719210
Israel,2021-03-28,"Moderna, Pfizer/BioNTech",https://datadashboard.health.gov.il/COVID-19/general,9949183,5225423,4723758
Israel,2021-03-29,"Moderna, Pfizer/BioNTech",https://datadashboard.health.gov.il/COVID-19/general,9985818,5232194,4753622
Israel,2021-03-30,"Moderna, Pfizer/BioNTech",https://datadashboard.health.gov.il/COVID-19/general,10015712,5239853,4775857
Israel,2021-03-31,"Moderna, Pfizer/BioNTech",https://datadashboard.health.gov.il/COVID-19/general,10042916,5247804,4795110
Israel,2021-04-01,"Moderna, Pfizer/BioNTech",https://datadashboard.health.gov.il/COVID-19/general,10069329,5255749,4813578
Israel,2021-04-02,"Moderna, Pfizer/BioNTech",https://datadashboard.health.gov.il/COVID-19/general,10080064,5258517,4821545
Israel,2021-04-03,"Moderna, Pfizer/BioNTech",https://datadashboard.health.gov.il/COVID-19/general,10084283,5259856,4824425
Israel,2021-04-04,"Moderna, Pfizer/BioNTech",https://datadashboard.health.gov.il/COVID-19/general,10116542,5269394,4847146
Israel,2021-04-05,"Moderna, Pfizer/BioNTech",https://datadashboard.health.gov.il/COVID-19/general,10147802,5279570,4868230
Israel,2021-04-06,"Moderna, Pfizer/BioNTech",https://datadashboard.health.gov.il/COVID-19/general,10173132,5288341,4884789
Israel,2021-04-07,"Moderna, Pfizer/BioNTech",https://datadashboard.health.gov.il/COVID-19/general,10196898,5297014,4899882
Israel,2021-04-08,"Moderna, Pfizer/BioNTech",https://datadashboard.health.gov.il/COVID-19/general,10222813,5306173,4916638
Israel,2021-04-09,"Moderna, Pfizer/BioNTech",https://datadashboard.health.gov.il/COVID-19/general,10232239,5309545,4922692
Israel,2021-04-10,"Moderna, Pfizer/BioNTech",https://datadashboard.health.gov.il/COVID-19/general,10237160,5311036,4926122
Israel,2021-04-11,"Moderna, Pfizer/BioNTech",https://datadashboard.health.gov.il/COVID-19/general,10260152,5319932,4940218
Israel,2021-04-12,"Moderna, Pfizer/BioNTech",https://datadashboard.health.gov.il/COVID-19/general,10281884,5328636,4953246
Israel,2021-04-13,"Moderna, Pfizer/BioNTech",https://datadashboard.health.gov.il/COVID-19/general,10292271,5334241,4958028
Israel,2021-04-14,"Moderna, Pfizer/BioNTech",https://datadashboard.health.gov.il/COVID-19/general,10300809,5337667,4963140
Israel,2021-04-15,"Moderna, Pfizer/BioNTech",https://datadashboard.health.gov.il/COVID-19/general,10301672,5338117,4963553
Israel,2021-04-16,"Moderna, Pfizer/BioNTech",https://datadashboard.health.gov.il/COVID-19/general,10311324,5341308,4970014
Israel,2021-04-17,"Moderna, Pfizer/BioNTech",https://datadashboard.health.gov.il/COVID-19/general,10313980,5342051,4971927
Israel,2021-04-18,"Moderna, Pfizer/BioNTech",https://datadashboard.health.gov.il/COVID-19/general,10328296,5349016,4979278
Israel,2021-04-19,"Moderna, Pfizer/BioNTech",https://datadashboard.health.gov.il/COVID-19/general,10341473,5355223,4986248
Israel,2021-04-20,"Moderna, Pfizer/BioNTech",https://datadashboard.health.gov.il/COVID-19/general,10354209,5361269,4992938
Israel,2021-04-21,"Moderna, Pfizer/BioNTech",https://datadashboard.health.gov.il/COVID-19/general,10367266,5367421,4999843
Israel,2021-04-22,"Moderna, Pfizer/BioNTech",https://datadashboard.health.gov.il/COVID-19/general,10380475,5373163,5007310
Israel,2021-04-23,"Moderna, Pfizer/BioNTech",https://datadashboard.health.gov.il/COVID-19/general,10386293,5375749,5010542
Israel,2021-04-24,"Moderna, Pfizer/BioNTech",https://datadashboard.health.gov.il/COVID-19/general,10388186,5376429,5011755
Israel,2021-04-25,"Moderna, Pfizer/BioNTech",https://datadashboard.health.gov.il/COVID-19/general,10399727,5381143,5018582
Israel,2021-04-26,"Moderna, Pfizer/BioNTech",https://datadashboard.health.gov.il/COVID-19/general,10412785,5386474,5026308
Israel,2021-04-27,"Moderna, Pfizer/BioNTech",https://datadashboard.health.gov.il/COVID-19/general,10423553,5390822,5032728
Israel,2021-04-28,"Moderna, Pfizer/BioNTech",https://datadashboard.health.gov.il/COVID-19/general,10434959,5395132,5039824
Israel,2021-04-29,"Moderna, Pfizer/BioNTech",https://datadashboard.health.gov.il/COVID-19/general,10446238,5399322,5046913
Israel,2021-04-30,"Moderna, Pfizer/BioNTech",https://datadashboard.health.gov.il/COVID-19/general,10450970,5401053,5049914
Israel,2021-05-01,"Moderna, Pfizer/BioNTech",https://datadashboard.health.gov.il/COVID-19/general,10452172,5401435,5050734
Israel,2021-05-02,"Moderna, Pfizer/BioNTech",https://datadashboard.health.gov.il/COVID-19/general,10461281,5404590,5056688
Israel,2021-05-03,"Moderna, Pfizer/BioNTech",https://datadashboard.health.gov.il/COVID-19/general,10470312,5407989,5062320
Israel,2021-05-04,"Moderna, Pfizer/BioNTech",https://datadashboard.health.gov.il/COVID-19/general,10478227,5411372,5066852
Israel,2021-05-05,"Moderna, Pfizer/BioNTech",https://datadashboard.health.gov.il/COVID-19/general,10485204,5414482,5070719
Israel,2021-05-06,"Moderna, Pfizer/BioNTech",https://datadashboard.health.gov.il/COVID-19/general,10491566,5417921,5073642
Israel,2021-05-07,"Moderna, Pfizer/BioNTech",https://datadashboard.health.gov.il/COVID-19/general,10495511,5419583,5075925
Israel,2021-05-08,"Moderna, Pfizer/BioNTech",https://datadashboard.health.gov.il/COVID-19/general,10496109,5419758,5076348
Israel,2021-05-09,"Moderna, Pfizer/BioNTech",https://datadashboard.health.gov.il/COVID-19/general,10503504,5422524,5080977
Israel,2021-05-10,"Moderna, Pfizer/BioNTech",https://datadashboard.health.gov.il/COVID-19/general,10510794,5425287,5085504
Israel,2021-05-11,"Moderna, Pfizer/BioNTech",https://datadashboard.health.gov.il/COVID-19/general,10516850,5427703,5089144
Israel,2021-05-12,"Moderna, Pfizer/BioNTech",https://datadashboard.health.gov.il/COVID-19/general,10521765,5429521,5092241
Israel,2021-05-13,"Moderna, Pfizer/BioNTech",https://datadashboard.health.gov.il/COVID-19/general,10527062,5431339,5095720
Israel,2021-05-14,"Moderna, Pfizer/BioNTech",https://datadashboard.health.gov.il/COVID-19/general,10529170,5432114,5097053
Israel,2021-05-15,"Moderna, Pfizer/BioNTech",https://datadashboard.health.gov.il/COVID-19/general,10529479,5432250,5097226
Israel,2021-05-16,"Moderna, Pfizer/BioNTech",https://datadashboard.health.gov.il/COVID-19/general,10531041,5432676,5098362
Israel,2021-05-17,"Moderna, Pfizer/BioNTech",https://datadashboard.health.gov.il/COVID-19/general,10531987,5432864,5099120
Israel,2021-05-18,"Moderna, Pfizer/BioNTech",https://datadashboard.health.gov.il/COVID-19/general,10538606,5434681,5103922
Israel,2021-05-19,"Moderna, Pfizer/BioNTech",https://datadashboard.health.gov.il/COVID-19/general,10545515,5436713,5108799
Israel,2021-05-20,"Moderna, Pfizer/BioNTech",https://datadashboard.health.gov.il/COVID-19/general,10551329,5438809,5112517
Israel,2021-05-21,"Moderna, Pfizer/BioNTech",https://datadashboard.health.gov.il/COVID-19/general,10553567,5439822,5113742
Israel,2021-05-22,"Moderna, Pfizer/BioNTech",https://datadashboard.health.gov.il/COVID-19/general,10554029,5439961,5114065
Israel,2021-05-23,"Moderna, Pfizer/BioNTech",https://datadashboard.health.gov.il/COVID-19/general,10559355,5442160,5117192
Israel,2021-05-24,"Moderna, Pfizer/BioNTech",https://datadashboard.health.gov.il/COVID-19/general,10564794,5444137,5120654
Israel,2021-05-25,"Moderna, Pfizer/BioNTech",https://datadashboard.health.gov.il/COVID-19/general,10568884,5445790,5123091
Israel,2021-05-26,"Moderna, Pfizer/BioNTech",https://datadashboard.health.gov.il/COVID-19/general,10572433,5447015,5125415
Israel,2021-05-27,"Moderna, Pfizer/BioNTech",https://datadashboard.health.gov.il/COVID-19/general,10577017,5448652,5128362
Israel,2021-05-28,"Moderna, Pfizer/BioNTech",https://datadashboard.health.gov.il/COVID-19/general,10578874,5449269,5129602
Israel,2021-05-29,"Moderna, Pfizer/BioNTech",https://datadashboard.health.gov.il/COVID-19/general,10579139,5449373,5129763
Israel,2021-05-30,"Moderna, Pfizer/BioNTech",https://datadashboard.health.gov.il/COVID-19/general,10582534,5450919,5131612
Israel,2021-05-31,"Moderna, Pfizer/BioNTech",https://datadashboard.health.gov.il/COVID-19/general,10586007,5452444,5133560
Israel,2021-06-01,"Moderna, Pfizer/BioNTech",https://datadashboard.health.gov.il/COVID-19/general,10588853,5453623,5135227
Israel,2021-06-02,"Moderna, Pfizer/BioNTech",https://datadashboard.health.gov.il/COVID-19/general,10591578,5454913,5136662
Israel,2021-06-03,"Moderna, Pfizer/BioNTech",https://datadashboard.health.gov.il/COVID-19/general,10594380,5456422,5137955
Israel,2021-06-04,"Moderna, Pfizer/BioNTech",https://datadashboard.health.gov.il/COVID-19/general,10595851,5457347,5138501
Israel,2021-06-05,"Moderna, Pfizer/BioNTech",https://datadashboard.health.gov.il/COVID-19/general,10596022,5457452,5138567
Israel,2021-06-06,"Moderna, Pfizer/BioNTech",https://datadashboard.health.gov.il/COVID-19/general,10601079,5461635,5139441
Israel,2021-06-07,"Moderna, Pfizer/BioNTech",https://datadashboard.health.gov.il/COVID-19/general,10605975,5465864,5140108
Israel,2021-06-08,"Moderna, Pfizer/BioNTech",https://datadashboard.health.gov.il/COVID-19/general,10610554,5469421,5141130
Israel,2021-06-09,"Moderna, Pfizer/BioNTech",https://datadashboard.health.gov.il/COVID-19/general,10615142,5472878,5142261
Israel,2021-06-10,"Moderna, Pfizer/BioNTech",https://datadashboard.health.gov.il/COVID-19/general,10619454,5476065,5143386
Israel,2021-06-11,"Moderna, Pfizer/BioNTech",https://datadashboard.health.gov.il/COVID-19/general,10621103,5477307,5143793
Israel,2021-06-12,"Moderna, Pfizer/BioNTech",https://datadashboard.health.gov.il/COVID-19/general,10621330,5477445,5143882
Israel,2021-06-13,"Moderna, Pfizer/BioNTech",https://datadashboard.health.gov.il/COVID-19/general,10625535,5480484,5145048
Israel,2021-06-14,"Moderna, Pfizer/BioNTech",https://datadashboard.health.gov.il/COVID-19/general,10629803,5483376,5146424
Israel,2021-06-15,"Moderna, Pfizer/BioNTech",https://datadashboard.health.gov.il/COVID-19/general,10633941,5486331,5147607
Israel,2021-06-16,"Moderna, Pfizer/BioNTech",https://datadashboard.health.gov.il/COVID-19/general,10637338,5488895,5148440
Israel,2021-06-17,"Moderna, Pfizer/BioNTech",https://datadashboard.health.gov.il/COVID-19/general,10640902,5491444,5149455
Israel,2021-06-18,"Moderna, Pfizer/BioNTech",https://datadashboard.health.gov.il/COVID-19/general,10642326,5492533,5149790
Israel,2021-06-19,"Moderna, Pfizer/BioNTech",https://datadashboard.health.gov.il/COVID-19/general,10642546,5492675,5149868
Israel,2021-06-20,"Moderna, Pfizer/BioNTech",https://datadashboard.health.gov.il/COVID-19/general,10646986,5495902,5151081
Israel,2021-06-21,"Moderna, Pfizer/BioNTech",https://datadashboard.health.gov.il/COVID-19/general,10653089,5500947,5152139
Israel,2021-06-22,"Moderna, Pfizer/BioNTech",https://datadashboard.health.gov.il/COVID-19/general,10660751,5507699,5153049
Israel,2021-06-23,"Moderna, Pfizer/BioNTech",https://datadashboard.health.gov.il/COVID-19/general,10672413,5518253,5154156
Israel,2021-06-24,"Moderna, Pfizer/BioNTech",https://datadashboard.health.gov.il/COVID-19/general,10685571,5530105,5155462
Israel,2021-06-25,"Moderna, Pfizer/BioNTech",https://datadashboard.health.gov.il/COVID-19/general,10693259,5537025,5156230
Israel,2021-06-26,"Moderna, Pfizer/BioNTech",https://datadashboard.health.gov.il/COVID-19/general,10695562,5539215,5156342
Israel,2021-06-27,"Moderna, Pfizer/BioNTech",https://datadashboard.health.gov.il/COVID-19/general,10712405,5552750,5159650
Israel,2021-06-28,"Moderna, Pfizer/BioNTech",https://datadashboard.health.gov.il/COVID-19/general,10730237,5567095,5163137
Israel,2021-06-29,"Moderna, Pfizer/BioNTech",https://datadashboard.health.gov.il/COVID-19/general,10750282,5583616,5166660
Israel,2021-06-30,"Moderna, Pfizer/BioNTech",https://datadashboard.health.gov.il/COVID-19/general,10769756,5599895,5169855
Israel,2021-07-01,"Moderna, Pfizer/BioNTech",https://datadashboard.health.gov.il/COVID-19/general,10789593,5616530,5173057
Israel,2021-07-02,"Moderna, Pfizer/BioNTech",https://datadashboard.health.gov.il/COVID-19/general,10800667,5626199,5174462
Israel,2021-07-03,"Moderna, Pfizer/BioNTech",https://datadashboard.health.gov.il/COVID-19/general,10803498,5628792,5174700
Israel,2021-07-04,"Moderna, Pfizer/BioNTech",https://datadashboard.health.gov.il/COVID-19/general,10824212,5646434,5177772
Israel,2021-07-05,"Moderna, Pfizer/BioNTech",https://datadashboard.health.gov.il/COVID-19/general,10844764,5664108,5180649
Israel,2021-07-06,"Moderna, Pfizer/BioNTech",https://datadashboard.health.gov.il/COVID-19/general,10865686,5681815,5183861
Israel,2021-07-07,"Moderna, Pfizer/BioNTech",https://datadashboard.health.gov.il/COVID-19/general,10883514,5697117,5186380
Israel,2021-07-08,"Moderna, Pfizer/BioNTech",https://datadashboard.health.gov.il/COVID-19/general,10902603,5713523,5189053
Israel,2021-07-09,"Moderna, Pfizer/BioNTech",https://datadashboard.health.gov.il/COVID-19/general,10914921,5724526,5190368
Israel,2021-07-10,"Moderna, Pfizer/BioNTech",https://datadashboard.health.gov.il/COVID-19/general,10920119,5729417,5190673
Israel,2021-07-11,"Moderna, Pfizer/BioNTech",https://datadashboard.health.gov.il/COVID-19/general,10924269,5730803,5193437
Israel,2021-07-12,"Moderna, Pfizer/BioNTech",https://datadashboard.health.gov.il/COVID-19/general,10930133,5733119,5196943
Israel,2021-07-13,"Moderna, Pfizer/BioNTech",https://datadashboard.health.gov.il/COVID-19/general,10938358,5735963,5202211
Israel,2021-07-14,"Moderna, Pfizer/BioNTech",https://datadashboard.health.gov.il/COVID-19/general,10948736,5738566,5209550
Israel,2021-07-15,"Moderna, Pfizer/BioNTech",https://datadashboard.health.gov.il/COVID-19/general,10961040,5741421,5218636
Israel,2021-07-16,"Moderna, Pfizer/BioNTech",https://datadashboard.health.gov.il/COVID-19/general,10967987,5742577,5224367
Israel,2021-07-17,"Moderna, Pfizer/BioNTech",https://datadashboard.health.gov.il/COVID-19/general,10969588,5742876,5225665
Israel,2021-07-18,"Moderna, Pfizer/BioNTech",https://datadashboard.health.gov.il/COVID-19/general,10981494,5744883,5235331
Israel,2021-07-19,"Moderna, Pfizer/BioNTech",https://datadashboard.health.gov.il/COVID-19/general,10996150,5747967,5246468
Israel,2021-07-20,"Moderna, Pfizer/BioNTech",https://datadashboard.health.gov.il/COVID-19/general,11010744,5750496,5258180
Israel,2021-07-21,"Moderna, Pfizer/BioNTech",https://datadashboard.health.gov.il/COVID-19/general,11024923,5752727,5269817
Israel,2021-07-22,"Moderna, Pfizer/BioNTech",https://datadashboard.health.gov.il/COVID-19/general,11041115,5755501,5282860
Israel,2021-07-23,"Moderna, Pfizer/BioNTech",https://datadashboard.health.gov.il/COVID-19/general,11051137,5757411,5290885
Israel,2021-07-24,"Moderna, Pfizer/BioNTech",https://datadashboard.health.gov.il/COVID-19/general,11053102,5757983,5292273
Israel,2021-07-25,"Moderna, Pfizer/BioNTech",https://datadashboard.health.gov.il/COVID-19/general,11072996,5762324,5307632
Israel,2021-07-26,"Moderna, Pfizer/BioNTech",https://datadashboard.health.gov.il/COVID-19/general,11091645,5767357,5320947
Israel,2021-07-27,"Moderna, Pfizer/BioNTech",https://datadashboard.health.gov.il/COVID-19/general,11110704,5772688,5334287
Israel,2021-07-28,"Moderna, Pfizer/BioNTech",https://datadashboard.health.gov.il/COVID-19/general,11127110,5776530,5346406
Israel,2021-07-29,"Moderna, Pfizer/BioNTech",https://datadashboard.health.gov.il/COVID-19/general,11145754,5781012,5360074
Israel,2021-07-30,"Moderna, Pfizer/BioNTech",https://datadashboard.health.gov.il/COVID-19/general,11162973,5783521,5370721
Israel,2021-07-31,"Moderna, Pfizer/BioNTech",https://datadashboard.health.gov.il/COVID-19/general,11173883,5784879,5374178
Israel,2021-08-01,"Moderna, Pfizer/BioNTech",https://datadashboard.health.gov.il/COVID-19/general,11211044,5787901,5377506
Israel,2021-08-02,"Moderna, Pfizer/BioNTech",https://datadashboard.health.gov.il/COVID-19/general,11275414,5790937,5380658
Israel,2021-08-03,"Moderna, Pfizer/BioNTech",https://datadashboard.health.gov.il/COVID-19/general,11360468,5794185,5383879
Israel,2021-08-04,"Moderna, Pfizer/BioNTech",https://datadashboard.health.gov.il/COVID-19/general,11447439,5797637,5387108
Israel,2021-08-05,"Moderna, Pfizer/BioNTech",https://datadashboard.health.gov.il/COVID-19/general,11543305,5802009,5390738
Israel,2021-08-06,"Moderna, Pfizer/BioNTech",https://datadashboard.health.gov.il/COVID-19/general,11591946,5804366,5392554
Israel,2021-08-07,"Moderna, Pfizer/BioNTech",https://datadashboard.health.gov.il/COVID-19/general,11620762,5805336,5393230
