﻿iso_code,location
AFG,Afghanistan
ALB,Albania
DZA,Algeria
AND,Andorra
AGO,Angola
AIA,Anguilla
ATG,Antigua and Barbuda
ARG,Argentina
ARM,Armenia
ABW,Aruba
AUS,Australia
AUT,Austria
AZE,Azerbaijan
BHS,Bahamas
BHR,Bahrain
BGD,Bangladesh
BRB,Barbados
BLR,Belarus
BEL,Belgium
BLZ,Belize
BEN,Benin
BMU,Bermuda
BTN,Bhutan
BOL,Bolivia
BES,Bonaire Sint Eustatius and Saba
BIH,Bosnia and Herzegovina
BWA,Botswana
BRA,Brazil
VGB,British Virgin Islands
BRN,Brunei
BGR,Bulgaria
BFA,Burkina Faso
KHM,Cambodia
CMR,Cameroon
CAN,Canada
CPV,Cape Verde
CYM,Cayman Islands
CAF,Central African Republic
TCD,Chad
CHL,Chile
CHN,China
COL,Colombia
COM,Comoros
COG,Congo
COK,Cook Islands
CRI,Costa Rica
CIV,Cote d'Ivoire
HRV,Croatia
CUB,Cuba
CUW,Curacao
CYP,Cyprus
CZE,Czechia
COD,Democratic Republic of Congo
DNK,Denmark
DJI,Djibouti
DMA,Dominica
DOM,Dominican Republic
ECU,Ecuador
EGY,Egypt
SLV,El Salvador
OWID_ENG,England
GNQ,Equatorial Guinea
EST,Estonia
SWZ,Eswatini
ETH,Ethiopia
FRO,Faeroe Islands
FLK,Falkland Islands
FJI,Fiji
FIN,Finland
FRA,France
PYF,French Polynesia
GAB,Gabon
GMB,Gambia
GEO,Georgia
DEU,Germany
GHA,Ghana
GIB,Gibraltar
GRC,Greece
GRL,Greenland
GRD,Grenada
GTM,Guatemala
GGY,Guernsey
GIN,Guinea
GNB,Guinea-Bissau
GUY,Guyana
HTI,Haiti
HND,Honduras
HKG,Hong Kong
HUN,Hungary
ISL,Iceland
IND,India
IDN,Indonesia
IRN,Iran
IRQ,Iraq
IRL,Ireland
IMN,Isle of Man
ISR,Israel
ITA,Italy
JAM,Jamaica
JPN,Japan
JEY,Jersey
JOR,Jordan
KAZ,Kazakhstan
KEN,Kenya
OWID_KOS,Kosovo
KWT,Kuwait
KGZ,Kyrgyzstan
LAO,Laos
LVA,Latvia
LBN,Lebanon
LSO,Lesotho
LBR,Liberia
LBY,Libya
LIE,Liechtenstein
LTU,Lithuania
LUX,Luxembourg
MAC,Macao
MDG,Madagascar
MWI,Malawi
MYS,Malaysia
MDV,Maldives
MLI,Mali
MLT,Malta
MRT,Mauritania
MUS,Mauritius
MEX,Mexico
MDA,Moldova
MCO,Monaco
MNG,Mongolia
MNE,Montenegro
MSR,Montserrat
MAR,Morocco
MOZ,Mozambique
MMR,Myanmar
NAM,Namibia
NRU,Nauru
NPL,Nepal
NLD,Netherlands
NCL,New Caledonia
NZL,New Zealand
NIC,Nicaragua
NER,Niger
NGA,Nigeria
NIU,Niue
MKD,North Macedonia
OWID_CYN,Northern Cyprus
OWID_NIR,Northern Ireland
NOR,Norway
OMN,Oman
PAK,Pakistan
PSE,Palestine
PAN,Panama
PNG,Papua New Guinea
PRY,Paraguay
PER,Peru
PHL,Philippines
PCN,Pitcairn
POL,Poland
PRT,Portugal
QAT,Qatar
ROU,Romania
RUS,Russia
RWA,Rwanda
SHN,Saint Helena
KNA,Saint Kitts and Nevis
LCA,Saint Lucia
VCT,Saint Vincent and the Grenadines
WSM,Samoa
SMR,San Marino
STP,Sao Tome and Principe
SAU,Saudi Arabia
OWID_SCT,Scotland
SEN,Senegal
SRB,Serbia
SYC,Seychelles
SLE,Sierra Leone
SGP,Singapore
SXM,Sint Maarten (Dutch part)
SVK,Slovakia
SVN,Slovenia
SLB,Solomon Islands
SOM,Somalia
ZAF,South Africa
KOR,South Korea
SSD,South Sudan
ESP,Spain
LKA,Sri Lanka
SDN,Sudan
SUR,Suriname
SWE,Sweden
CHE,Switzerland
SYR,Syria
TWN,Taiwan
TJK,Tajikistan
THA,Thailand
TLS,Timor
TGO,Togo
TON,Tonga
TTO,Trinidad and Tobago
TUN,Tunisia
TUR,Turkey
TKM,Turkmenistan
TCA,Turks and Caicos Islands
TUV,Tuvalu
UGA,Uganda
UKR,Ukraine
ARE,United Arab Emirates
GBR,United Kingdom
USA,United States
URY,Uruguay
UZB,Uzbekistan
VUT,Vanuatu
VEN,Venezuela
VNM,Vietnam
OWID_WLS,Wales
WLF,Wallis and Futuna
YEM,Yemen
ZMB,Zambia
ZWE,Zimbabwe
