location,iso_code,vaccines,last_observation_date,source_name,source_website
Afghanistan,AFG,"Johnson&Johnson, Oxford/AstraZeneca, Pfizer/BioNTech, Sinopharm/Beijing",2021-08-01,World Health Organization,https://covid19.who.int/
Albania,ALB,"Oxford/AstraZeneca, Pfizer/BioNTech, Sinovac, Sputnik V",2021-08-05,Ministry of Health,https://shendetesia.gov.al/vaksinimi-anticovid-kryhen-1238036-vaksinime/
Algeria,DZA,"Oxford/AstraZeneca, Sinopharm/Beijing, Sinovac, Sputnik V",2021-07-29,Ministry of Health,https://www.elkhabar.com/press/article/190912/%D9%87%D8%B0%D8%A7-%D9%87%D9%88-%D8%B9%D8%AF%D8%AF-%D8%A7%D9%84%D9%85%D9%84%D9%82%D8%AD%D9%8A%D9%86-%D8%A8%D8%A7%D9%84%D8%AC%D8%B2%D8%A7%D8%A6%D8%B1/
Andorra,AND,"Oxford/AstraZeneca, Pfizer/BioNTech",2021-07-19,Government of Andorra,https://www.govern.ad/covid19_newsletter/
Angola,AGO,Oxford/AstraZeneca,2021-08-03,World Health Organization,https://covid19.who.int/
Anguilla,AIA,Oxford/AstraZeneca,2021-07-30,World Health Organization,https://covid19.who.int/
Antigua and Barbuda,ATG,Oxford/AstraZeneca,2021-08-04,Ministry of Health,https://covid19.gov.ag
Argentina,ARG,"Moderna, Oxford/AstraZeneca, Sinopharm/Beijing, Sputnik V",2021-08-07,Ministry of Health,http://datos.salud.gob.ar/dataset/vacunas-contra-covid-19-dosis-aplicadas-en-la-republica-argentina
Armenia,ARM,"Oxford/AstraZeneca, Sinovac, Sputnik V",2021-08-01,Ministry of Health,https://www.moh.am/#1/4001
Aruba,ABW,Pfizer/BioNTech,2021-08-06,Government of Aruba,https://www.government.aw
Australia,AUS,"Oxford/AstraZeneca, Pfizer/BioNTech",2021-08-07,Government of Australia via covidlive.com.au,https://covidlive.com.au/vaccinations
Austria,AUT,"Johnson&Johnson, Moderna, Oxford/AstraZeneca, Pfizer/BioNTech",2021-08-07,Ministry of Health,https://info.gesundheitsministerium.gv.at/opendata/
Azerbaijan,AZE,"Oxford/AstraZeneca, Sinovac, Sputnik V",2021-08-07,Government of Azerbaijan,https://koronavirusinfo.az
Bahamas,BHS,Oxford/AstraZeneca,2021-08-06,Pan American Health Organization,https://ais.paho.org/imm/IM_DosisAdmin-Vacunacion.asp
Bahrain,BHR,"Oxford/AstraZeneca, Pfizer/BioNTech, Sinopharm/Beijing, Sputnik V",2021-08-07,Ministry of Health,https://healthalert.gov.bh/en/
Bangladesh,BGD,"Moderna, Oxford/AstraZeneca, Pfizer/BioNTech, Sinopharm/Beijing",2021-08-07,Directorate General of Health Services,http://103.247.238.92/webportal/pages/covid19-vaccination-update.php
Barbados,BRB,Oxford/AstraZeneca,2021-08-03,Ministry of Health,https://www.facebook.com/moh.barbados/photos/a.768944336470972/4439367072761995
Belarus,BLR,"Sinopharm/Beijing, Sputnik V",2021-08-01,World Health Organization,https://covid19.who.int/
Belgium,BEL,"Johnson&Johnson, Moderna, Oxford/AstraZeneca, Pfizer/BioNTech",2021-08-05,Sciensano,https://epistat.wiv-isp.be/covid/
Belize,BLZ,"Oxford/AstraZeneca, Sinopharm/Beijing",2021-08-03,Ministry of Health,https://www.facebook.com/Belizehealth/photos/a.1410495949248816/2740613612903703/
Benin,BEN,"Oxford/AstraZeneca, Sinovac",2021-08-03,Ministry of Health,https://covid19.who.int/
Bermuda,BMU,"Oxford/AstraZeneca, Pfizer/BioNTech",2021-08-06,Pan American Health Organization,https://ais.paho.org/imm/IM_DosisAdmin-Vacunacion.asp
Bhutan,BTN,"Moderna, Oxford/AstraZeneca, Pfizer/BioNTech",2021-08-05,World Health Organization,https://www.facebook.com/MoHBhutan/posts/4401088833286032
Bolivia,BOL,"Oxford/AstraZeneca, Pfizer/BioNTech, Sinopharm/Beijing, Sputnik V",2021-08-07,Ministry of Health,https://www.unidoscontraelcovid.gob.bo/
Bonaire Sint Eustatius and Saba,BES,"Moderna, Pfizer/BioNTech",2021-04-09,World Health Organization,https://covid19.who.int/
Bosnia and Herzegovina,BIH,"Oxford/AstraZeneca, Pfizer/BioNTech, Sinovac, Sputnik V",2021-07-21,Public Health Institute,https://srpskainfo.com/imunizacija-jedini-lijek-protiv-korone-kompletno-vakcinisan-svaki-deveti-gradjanin-srpske/
Botswana,BWA,Oxford/AstraZeneca,2021-08-02,Ministry of Health and Wellness,https://twitter.com/BWGovernment/status/1423318738292678658
Brazil,BRA,"Johnson&Johnson, Oxford/AstraZeneca, Pfizer/BioNTech, Sinovac",2021-08-07,Ministry of Health,https://qsprod.saude.gov.br/extensions/DEMAS_C19Vacina/DEMAS_C19Vacina.html
British Virgin Islands,VGB,Oxford/AstraZeneca,2021-07-30,World Health Organization,https://covid19.who.int/
Brunei,BRN,"Oxford/AstraZeneca, Sinopharm/Beijing",2021-08-04,Ministry of Health,https://www.facebook.com/MOHBrunei/photos/a.742776819184020/4022457007882635/
Bulgaria,BGR,"Johnson&Johnson, Moderna, Oxford/AstraZeneca, Pfizer/BioNTech",2021-08-07,Ministry of Health,https://coronavirus.bg/bg/statistika
Burkina Faso,BFA,Oxford/AstraZeneca,2021-07-24,World Health Organization,https://covid19.who.int/
Cambodia,KHM,"Johnson&Johnson, Oxford/AstraZeneca, Sinopharm/Beijing, Sinovac",2021-08-07,Ministry of Health,https://www.facebook.com/MinistryofHealthofCambodia/photos/a.930887636950343/4272976689408071
Cameroon,CMR,"Oxford/AstraZeneca, Sinopharm/Beijing",2021-08-03,World Health Organization,https://covid19.who.int/
Canada,CAN,"Moderna, Oxford/AstraZeneca, Pfizer/BioNTech",2021-08-07,Official data from provinces via covid19tracker.ca,https://covid19tracker.ca/vaccinationtracker.html
Cape Verde,CPV,"Oxford/AstraZeneca, Pfizer/BioNTech",2021-08-03,World Health Organization,https://covid19.who.int/
Cayman Islands,CYM,"Oxford/AstraZeneca, Pfizer/BioNTech",2021-08-06,Cayman Islands Government,https://www.exploregov.ky/coronavirus-statistics
Central African Republic,CAF,"Covaxin, Oxford/AstraZeneca",2021-08-05,Africa Centres for Disease Control and Prevention,https://africacdc.org/covid-19-vaccination/
Chad,TCD,Sinopharm/Beijing,2021-08-05,Africa Centres for Disease Control and Prevention,https://africacdc.org/covid-19-vaccination/
Chile,CHL,"CanSino, Oxford/AstraZeneca, Pfizer/BioNTech, Sinovac",2021-08-02,"Ministerio de Ciencia, Tecnología, Conocimiento e Innovación",https://www.gob.cl/yomevacuno/
China,CHN,"CanSino, Sinopharm/Beijing, Sinopharm/Wuhan, Sinovac",2021-08-07,National Health Commission,http://www.nhc.gov.cn/jkj/s7915/202108/e2e021c2b8d04516a08477ae34499262.shtml
Colombia,COL,"Oxford/AstraZeneca, Pfizer/BioNTech, Sinovac",2021-08-05,Ministry of Health,https://docs.google.com/spreadsheets/d/1eblBeozGn1soDGXbOIicwyEDkUqNMzzpJoAKw84TTA4
Comoros,COM,"Covaxin, Oxford/AstraZeneca, Sinopharm/Beijing",2021-08-03,World Health Organization,https://covid19.who.int/
Congo,COG,"Moderna, Oxford/AstraZeneca, Sinopharm/Beijing, Sputnik V",2021-07-29,Africa Centres for Disease Control and Prevention,https://africacdc.org/covid-19-vaccination/
Cook Islands,COK,Oxford/AstraZeneca,2021-07-20,SPC Public Health Division,https://stats.pacificdata.org/vis?tm=covid&pg=0&df[ds]=SPC2&df[id]=DF_COVID_VACCINATION&df[ag]=SPC&df[vs]=1.0
Costa Rica,CRI,"Oxford/AstraZeneca, Pfizer/BioNTech",2021-07-26,Costa Rican Social Security Fund,https://www.ccss.sa.cr/web/coronavirus/vacunacion
Cote d'Ivoire,CIV,Oxford/AstraZeneca,2021-08-04,Ministry of Health and Public Hygiene,https://www.facebook.com/mshpcmu/posts/1968042220028129
Croatia,HRV,"Moderna, Oxford/AstraZeneca, Pfizer/BioNTech",2021-08-06,Ministry of Health,https://www.koronavirus.hr
Cuba,CUB,"Abdala, Soberana02",2021-08-05,Ministry of Health,https://salud.msp.gob.cu/actualizacion-de-la-vacunacion-en-el-marco-de-los-estudios-de-los-candidatos-vacunales-cubanos-y-la-intervencion-sanitaria/
Curacao,CUW,"Moderna, Pfizer/BioNTech",2021-08-07,Government of Curacao,https://bakuna.cw/
Cyprus,CYP,"Johnson&Johnson, Moderna, Oxford/AstraZeneca, Pfizer/BioNTech",2021-08-05,Ministry of Health,https://www.moh.gov.cy/moh/moh.nsf/All/0EFA027144C9E54AC22586BE0032B2F5
Czechia,CZE,"Johnson&Johnson, Moderna, Oxford/AstraZeneca, Pfizer/BioNTech",2021-08-07,Ministry of Health,https://onemocneni-aktualne.mzcr.cz/covid-19
Democratic Republic of Congo,COD,Oxford/AstraZeneca,2021-08-03,World Health Organization,https://covid19.who.int/
Denmark,DNK,"Johnson&Johnson, Moderna, Pfizer/BioNTech",2021-08-06,Statens Serum Institute,https://covid19.ssi.dk/overvagningsdata/download-fil-med-vaccinationsdata
Djibouti,DJI,"Oxford/AstraZeneca, Sinopharm/Beijing, Sinovac, Sputnik V",2021-08-03,World Health Organization,https://www.facebook.com/minister.sante.dj/photos/a.1390385961000334/4351217361583831/
Dominica,DMA,"Oxford/AstraZeneca, Sinopharm/Beijing",2021-07-30,Pan American Health Organization,https://ais.paho.org/imm/IM_DosisAdmin-Vacunacion.asp
Dominican Republic,DOM,"Oxford/AstraZeneca, Pfizer/BioNTech, Sinopharm/Beijing, Sinovac",2021-08-06,Ministry of Public Health,https://vacunate.gob.do/
Ecuador,ECU,"Oxford/AstraZeneca, Pfizer/BioNTech, Sinovac",2021-08-06,Government of Ecuador via Ecuacovid,https://github.com/andrab/ecuacovid
Egypt,EGY,"Oxford/AstraZeneca, Pfizer/BioNTech, Sinopharm/Beijing, Sinovac, Sputnik V",2021-08-05,World Health Organization,https://covid19.who.int/
El Salvador,SLV,"Oxford/AstraZeneca, Pfizer/BioNTech, Sinovac",2021-08-05,Ministry of Health,https://covid19.gob.sv/
England,OWID_ENG,"Moderna, Oxford/AstraZeneca, Pfizer/BioNTech",2021-08-06,Government of the United Kingdom,https://coronavirus.data.gov.uk/details/vaccinations
Equatorial Guinea,GNQ,Sinopharm/Beijing,2021-08-04,Ministry of Health,https://guineasalud.org/estadisticas/
Estonia,EST,"Johnson&Johnson, Moderna, Oxford/AstraZeneca, Pfizer/BioNTech",2021-08-07,National Health Board,https://opendata.digilugu.ee
Eswatini,SWZ,Oxford/AstraZeneca,2021-08-03,Government of Eswatini,https://www.facebook.com/EswatiniGov/photos/pcb.390708122422693/390708052422700/
Ethiopia,ETH,Oxford/AstraZeneca,2021-08-04,Ministry of Health,https://twitter.com/FMoHealth/status/1422978076707889160
Faeroe Islands,FRO,"Moderna, Pfizer/BioNTech",2021-08-06,Government of the Faeroe Islands,https://corona.fo/api
Falkland Islands,FLK,Oxford/AstraZeneca,2021-04-14,Government of the Falkland Islands,https://www.facebook.com/FalkIandsGov/posts/4401230323224594
Fiji,FJI,Oxford/AstraZeneca,2021-08-02,SPC Public Health Division,https://stats.pacificdata.org/vis?tm=covid&pg=0&df[ds]=SPC2&df[id]=DF_COVID_VACCINATION&df[ag]=SPC&df[vs]=1.0
Finland,FIN,"Moderna, Oxford/AstraZeneca, Pfizer/BioNTech",2021-08-07,Finnish Institute for Health and Welfare,https://sampo.thl.fi/pivot/prod/en/vaccreg/cov19cov/fact_cov19cov?column=measure-533185.533172.433796.533175&row=cov_vac_dose-533174L
France,FRA,"Johnson&Johnson, Moderna, Oxford/AstraZeneca, Pfizer/BioNTech",2021-08-05,Public Health France,https://www.data.gouv.fr/fr/datasets/donnees-relatives-aux-personnes-vaccinees-contre-la-covid-19-1/
French Polynesia,PYF,"Johnson&Johnson, Pfizer/BioNTech",2021-08-02,SPC Public Health Division,https://stats.pacificdata.org/vis?tm=covid&pg=0&df[ds]=SPC2&df[id]=DF_COVID_VACCINATION&df[ag]=SPC&df[vs]=1.0
Gabon,GAB,Sinopharm/Beijing,2021-08-05,Africa Centres for Disease Control and Prevention,https://africacdc.org/covid-19-vaccination/
Gambia,GMB,"Oxford/AstraZeneca, Sinopharm/Beijing",2021-07-15,Africa Centres for Disease Control and Prevention,https://africacdc.org/covid-19-vaccination/
Georgia,GEO,Oxford/AstraZeneca,2021-08-07,National Center for Disease Control and Public Health,https://vaccines.ncdc.ge/vaccinationprocess/
Germany,DEU,"Johnson&Johnson, Moderna, Oxford/AstraZeneca, Pfizer/BioNTech",2021-08-06,Robert Koch Institut,https://impfdashboard.de/
Ghana,GHA,"Oxford/AstraZeneca, Sputnik V",2021-07-19,World Health Organization,https://covid19.who.int/
Gibraltar,GIB,Pfizer/BioNTech,2021-07-30,Government of Gibraltar,https://twitter.com/GibraltarGov/status/1421414291467603972
Greece,GRC,"Johnson&Johnson, Moderna, Oxford/AstraZeneca, Pfizer/BioNTech",2021-08-07,Ministry of Health,https://www.data.gov.gr/datasets/mdg_emvolio/
Greenland,GRL,Moderna,2021-08-06,Government of Greenland,https://corona.nun.gl/emner/statistik/antal_vaccinerede
Grenada,GRD,Oxford/AstraZeneca,2021-07-30,World Health Organization,https://covid19.who.int/
Guatemala,GTM,"Moderna, Oxford/AstraZeneca",2021-08-06,Ministry of Health,https://gtmvigilanciacovid.shinyapps.io/3869aac0fb95d6baf2c80f19f2da5f98
Guernsey,GGY,"Moderna, Oxford/AstraZeneca, Pfizer/BioNTech",2021-08-06,Government of Guernsey,https://covid19.gov.gg/guidance/vaccine/stats
Guinea,GIN,Sputnik V,2021-08-01,National Health Security Agency,https://twitter.com/anss_guinee/status/1422474293280190478
Guinea-Bissau,GNB,"Oxford/AstraZeneca, Sinopharm/Beijing",2021-07-19,World Health Organization,https://covid19.who.int/
Guyana,GUY,"Oxford/AstraZeneca, Sputnik V",2021-08-04,Ministry of Health,https://www.facebook.com/mohguyana/posts/2659280077708855
Haiti,HTI,"Johnson&Johnson, Oxford/AstraZeneca",2021-08-05,Pan American Health Organization,https://www.facebook.com/msppht/posts/1801531640032906
Honduras,HND,"Johnson&Johnson, Moderna, Oxford/AstraZeneca, Pfizer/BioNTech, Sputnik V",2021-08-06,World Health Organization,https://ais.paho.org/imm/IM_DosisAdmin-Vacunacion.asp
Hong Kong,HKG,"Pfizer/BioNTech, Sinovac",2021-08-07,Government of Hong Kong,https://www.covidvaccine.gov.hk/en/dashboard
Hungary,HUN,"Johnson&Johnson, Moderna, Oxford/AstraZeneca, Pfizer/BioNTech, Sinopharm/Beijing, Sputnik V",2021-08-05,Government of Hungary,https://koronavirus.gov.hu//cikkek/5-millio-642-ezer-beoltott-52-az-uj-fertozott-elhunyt-egy-beteg
Iceland,ISL,"Johnson&Johnson, Moderna, Oxford/AstraZeneca, Pfizer/BioNTech",2021-08-06,Directorate of Health,https://www.covid.is/tolulegar-upplysingar-boluefni
India,IND,"Covaxin, Oxford/AstraZeneca, Sputnik V",2021-08-07,Government of India,https://www.mohfw.gov.in/
Indonesia,IDN,"Moderna, Oxford/AstraZeneca, Sinopharm/Beijing, Sinovac",2021-08-07,Ministry of Health,https://vaksin.kemkes.go.id/#/vaccines
Iran,IRN,"Covaxin, Oxford/AstraZeneca, Sinopharm/Beijing, Sputnik V",2021-08-02,World Health Organization,https://covid19.who.int/
Iraq,IRQ,"Oxford/AstraZeneca, Pfizer/BioNTech, Sinopharm/Beijing, Sputnik V",2021-07-11,World Health Organization,https://reliefweb.int/sites/reliefweb.int/files/resources/iraq-covid-19-situation-report-05_11-7-21.pdf
Ireland,IRL,"Johnson&Johnson, Moderna, Oxford/AstraZeneca, Pfizer/BioNTech",2021-08-07,Heath Service Executive,https://covid19ireland-geohive.hub.arcgis.com/
Isle of Man,IMN,"Oxford/AstraZeneca, Pfizer/BioNTech",2021-08-03,Isle of Man Government,https://covid19.gov.im/general-information/covid-19-vaccination-statistics/
Israel,ISR,"Moderna, Pfizer/BioNTech",2021-08-07,Government of Israel,https://datadashboard.health.gov.il/COVID-19/general
Italy,ITA,"Johnson&Johnson, Moderna, Oxford/AstraZeneca, Pfizer/BioNTech",2021-08-07,Extraordinary commissioner for the Covid-19 emergency,https://raw.githubusercontent.com/italia/covid19-opendata-vaccini/master/dati/somministrazioni-vaccini-latest.csv
Jamaica,JAM,Oxford/AstraZeneca,2021-08-06,Pan American Health Organization,https://ais.paho.org/imm/IM_DosisAdmin-Vacunacion.asp
Japan,JPN,"Moderna, Pfizer/BioNTech",2021-08-05,Prime Minister's Office,https://www.kantei.go.jp/jp/headline/kansensho/vaccine.html
Jersey,JEY,"Moderna, Oxford/AstraZeneca, Pfizer/BioNTech",2021-08-01,Government of Jersey,https://www.gov.je/Datasets/ListOpenData?ListName=COVID19Weekly&clean=true
Jordan,JOR,"Oxford/AstraZeneca, Pfizer/BioNTech, Sinopharm/Beijing, Sputnik V",2021-08-01,Government of Jordan,https://corona.moh.gov.jo/ar
Kazakhstan,KAZ,"QazVac, Sinopharm/HayatVax, Sputnik V",2021-08-07,Government of Kazakhstan,https://www.coronavirus2020.kz/
Kenya,KEN,"Oxford/AstraZeneca, Sputnik V",2021-08-04,Ministry of Health,https://twitter.com/MOH_Kenya/status/1422915323464912908
Kosovo,OWID_KOS,Oxford/AstraZeneca,2021-08-05,Ministry of Health,https://www.facebook.com/Ministria.Shendetesise.RKS/posts/2056826841141559
Kuwait,KWT,Pfizer/BioNTech,2021-07-03,Ministry of Health,https://twitter.com/KUWAIT_MOH/status/1411777117713543173
Kyrgyzstan,KGZ,"Sinopharm/Beijing, Sputnik V",2021-08-07,Ministry of Health,https://vc.emed.gov.kg/
Laos,LAO,"Johnson&Johnson, Oxford/AstraZeneca, Pfizer/BioNTech, Sinopharm/Beijing, Sinovac, Sputnik V",2021-08-06,World Health Organization,https://https://www.facebook.com/CCEH.MoH.Lao/posts/4492235887467737
Latvia,LVA,"Johnson&Johnson, Moderna, Oxford/AstraZeneca, Pfizer/BioNTech",2021-08-06,National Health Service,https://data.gov.lv/dati/eng/dataset/covid19-vakcinacijas
Lebanon,LBN,"Oxford/AstraZeneca, Pfizer/BioNTech, Sinopharm/Beijing, Sputnik V",2021-08-07,Government of Lebanon,https://impact.cib.gov.lb/home/dashboard/vaccine
Lesotho,LSO,Oxford/AstraZeneca,2021-07-26,World Health Organization,https://covid19.who.int/
Liberia,LBR,Oxford/AstraZeneca,2021-07-12,World Health Organization,https://covid19.who.int/
Libya,LBY,"Johnson&Johnson, Moderna, Oxford/AstraZeneca, Pfizer/BioNTech, Sinopharm/Beijing, Sinovac, Sputnik V",2021-08-05,World Health Organization,https://covid19.who.int/
Liechtenstein,LIE,"Moderna, Pfizer/BioNTech",2021-08-05,Federal Office of Public Health,https://www.covid19.admin.ch/en/epidemiologic/vacc-doses?detGeo=FL
Lithuania,LTU,"Johnson&Johnson, Moderna, Oxford/AstraZeneca, Pfizer/BioNTech",2021-08-07,Ministry of Health,https://experience.arcgis.com/experience/cab84dcfe0464c2a8050a78f817924ca/page/page_3/
Luxembourg,LUX,"Moderna, Oxford/AstraZeneca, Pfizer/BioNTech",2021-08-06,Government of Luxembourg,https://covid19.public.lu/fr.html
Macao,MAC,"Pfizer/BioNTech, Sinopharm/Beijing",2021-08-05,Government of Macao,https://www.gov.mo/zh-hant/news/673405/
Madagascar,MDG,Oxford/AstraZeneca,2021-06-28,World Health Organization,https://covid19.who.int/
Malawi,MWI,Oxford/AstraZeneca,2021-08-04,Ministry of Health,https://twitter.com/health_malawi/status/1422959329448239113
Malaysia,MYS,"Oxford/AstraZeneca, Pfizer/BioNTech, Sinovac",2021-08-07,Government of Malaysia,https://github.com/CITF-Malaysia/citf-public
Maldives,MDV,"Oxford/AstraZeneca, Pfizer/BioNTech, Sinopharm/Beijing",2021-08-03,Presidency of the Maldives,https://twitter.com/HPA_MV/status/1422975906197348358
Mali,MLI,Oxford/AstraZeneca,2021-08-03,World Health Organization,https://covid19.who.int/
Malta,MLT,"Johnson&Johnson, Moderna, Oxford/AstraZeneca, Pfizer/BioNTech",2021-08-07,COVID-19 Malta Public Health Response Team,https://github.com/COVID19-Malta/COVID19-Cases
Mauritania,MRT,"Oxford/AstraZeneca, Sinopharm/Beijing",2021-08-05,Africa Centres for Disease Control and Prevention,https://africacdc.org/covid-19-vaccination/
Mauritius,MUS,"Covaxin, Oxford/AstraZeneca, Sinopharm/Beijing",2021-08-03,World Health Organization,https://covid19.who.int/
Mexico,MEX,"CanSino, Johnson&Johnson, Oxford/AstraZeneca, Pfizer/BioNTech, Sinovac, Sputnik V",2021-08-06,Secretary of Health,https://www.gob.mx/cms/uploads/attachment/file/660457/2021.08.07_17h00_ComunicadoTecnicoDiario_Covid19.pdf
Moldova,MDA,"Oxford/AstraZeneca, Pfizer/BioNTech, Sinopharm/Beijing, Sputnik V",2021-08-07,Ministry of Health,https://vaccinare.gov.md/
Monaco,MCO,Pfizer/BioNTech,2021-08-06,National Council,https://www.gouv.mc//Action-Gouvernementale/Coronavirus-Covid-19/Actualites/Covid-19-12-nouveaux-cas-positifs-et-20-guerisons-ce-vendredi-6-aout
Mongolia,MNG,"Oxford/AstraZeneca, Pfizer/BioNTech, Sinopharm/Beijing, Sputnik V",2021-08-07,Ministry of Health via ikon.mn,https://ikon.mn/
Montenegro,MNE,"Oxford/AstraZeneca, Pfizer/BioNTech, Sinopharm/Beijing, Sputnik V",2021-08-07,Government of Montenegro,https://www.covidodgovor.me/
Montserrat,MSR,Oxford/AstraZeneca,2021-07-30,World Health Organization,https://covid19.who.int/
Morocco,MAR,"Oxford/AstraZeneca, Sinopharm/Beijing",2021-08-07,Ministry of Health,http://www.covidmaroc.ma/pages/Accueilfr.aspx
Mozambique,MOZ,"Oxford/AstraZeneca, Sinopharm/Beijing",2021-08-03,World Health Organization,https://covid19.who.int/
Myanmar,MMR,"Oxford/AstraZeneca, Sinopharm/Beijing",2021-07-01,World Health Organization,https://www.nytimes.com/2021/07/01/world/asia/covid-myanmar-coup.html
Namibia,NAM,"Oxford/AstraZeneca, Sinopharm/Beijing",2021-08-04,Ministry of Health and Social Services,https://www.facebook.com/MoHSSNamibia/photos/a.500006330672375/792383214768017/
Nauru,NRU,Oxford/AstraZeneca,2021-07-27,SPC Public Health Division,https://stats.pacificdata.org/vis?tm=covid&pg=0&df[ds]=SPC2&df[id]=DF_COVID_VACCINATION&df[ag]=SPC&df[vs]=1.0
Nepal,NPL,"Oxford/AstraZeneca, Sinopharm/Beijing",2021-08-07,Government of Nepal,https://covid19.mohp.gov.np/covid/englishSituationReport/610e684798d46_SitRep545_COVID-19_07-08-2021_EN.pdf
Netherlands,NLD,"Johnson&Johnson, Moderna, Oxford/AstraZeneca, Pfizer/BioNTech",2021-08-07,RIVM via European CDC,https://www.ecdc.europa.eu/en/publications-data/data-covid-19-vaccination-eu-eea
New Caledonia,NCL,Pfizer/BioNTech,2021-08-02,SPC Public Health Division,https://stats.pacificdata.org/vis?tm=covid&pg=0&df[ds]=SPC2&df[id]=DF_COVID_VACCINATION&df[ag]=SPC&df[vs]=1.0
New Zealand,NZL,Pfizer/BioNTech,2021-08-03,Ministry of Health,https://www.health.govt.nz/our-work/diseases-and-conditions/covid-19-novel-coronavirus/covid-19-data-and-statistics/covid-19-vaccine-data
Nicaragua,NIC,"Oxford/AstraZeneca, Sputnik V",2021-07-16,World Health Organization,https://covid19.who.int/
Niger,NER,"Oxford/AstraZeneca, Sinopharm/Beijing",2021-07-05,World Health Organization,https://covid19.who.int/
Nigeria,NGA,Oxford/AstraZeneca,2021-07-12,World Health Organization,https://covid19.who.int/
Niue,NIU,Oxford/AstraZeneca,2021-07-06,SPC Public Health Division,https://stats.pacificdata.org/vis?tm=covid&pg=0&df[ds]=SPC2&df[id]=DF_COVID_VACCINATION&df[ag]=SPC&df[vs]=1.0
North Macedonia,MKD,"Oxford/AstraZeneca, Pfizer/BioNTech, Sinopharm/Beijing, Sinovac, Sputnik V",2021-08-05,Government of North Macedonia,https://twitter.com/ZdravstvoMK/status/1423204997114773506
Northern Cyprus,OWID_CYN,"Oxford/AstraZeneca, Pfizer/BioNTech, Sinovac",2021-06-27,Ministry of Health,https://asi.saglik.gov.ct.tr/
Northern Ireland,OWID_NIR,"Moderna, Oxford/AstraZeneca, Pfizer/BioNTech",2021-08-06,Government of the United Kingdom,https://coronavirus.data.gov.uk/details/vaccinations
Norway,NOR,"Moderna, Pfizer/BioNTech",2021-08-05,Norwegian Institute of Public Health,https://www.fhi.no/sv/vaksine/koronavaksinasjonsprogrammet/koronavaksinasjonsstatistikk/
Oman,OMN,"Oxford/AstraZeneca, Pfizer/BioNTech, Sinovac, Sputnik V",2021-07-25,World Health Organization,https://covid19.who.int/
Pakistan,PAK,"CanSino, Oxford/AstraZeneca, Sinopharm/Beijing, Sinovac, Sputnik V",2021-08-07,National Command and Operation Centre,https://ncoc.gov.pk/covid-vaccination-en.php
Palestine,PSE,"Moderna, Oxford/AstraZeneca, Pfizer/BioNTech, Sputnik V",2021-08-05,Ministry of Health,https://www.facebook.com/mohps/posts/4038659169593264
Panama,PAN,"Oxford/AstraZeneca, Pfizer/BioNTech",2021-08-07,Ministry of Health,https://twitter.com/MINSAPma/status/1424188377969176576
Papua New Guinea,PNG,Oxford/AstraZeneca,2021-08-02,SPC Public Health Division,https://stats.pacificdata.org/vis?tm=covid&pg=0&df[ds]=SPC2&df[id]=DF_COVID_VACCINATION&df[ag]=SPC&df[vs]=1.0
Paraguay,PRY,"Covaxin, Oxford/AstraZeneca, Sinopharm/Beijing, Sinovac, Sputnik V",2021-07-25,Government of Paraguay,https://www.vacunate.gov.py/index-listado-vacunados.html
Peru,PER,"Oxford/AstraZeneca, Pfizer/BioNTech, Sinopharm/Beijing",2021-08-05,Ministry of Health via github.com/jmcastagnetto/covid-19-peru-vacunas,https://www.datosabiertos.gob.pe/dataset/vacunaci%C3%B3n-contra-covid-19-ministerio-de-salud-minsa
Philippines,PHL,"Johnson&Johnson, Moderna, Oxford/AstraZeneca, Pfizer/BioNTech, Sinovac, Sputnik V",2021-08-05,Department of Health via ABS-CBN Investigative and Research Group,https://news.abs-cbn.com/spotlight/multimedia/infographic/03/23/21/philippines-covid-19-vaccine-tracker
Pitcairn,PCN,Oxford/AstraZeneca,2021-08-02,SPC Public Health Division,https://stats.pacificdata.org/vis?tm=covid&pg=0&df[ds]=SPC2&df[id]=DF_COVID_VACCINATION&df[ag]=SPC&df[vs]=1.0
Poland,POL,"Johnson&Johnson, Moderna, Oxford/AstraZeneca, Pfizer/BioNTech",2021-08-07,Ministry of Health,https://www.gov.pl/web/szczepimysie/raport-szczepien-przeciwko-covid-19
Portugal,PRT,"Johnson&Johnson, Moderna, Oxford/AstraZeneca, Pfizer/BioNTech",2021-08-07,Directorate General for Health via Data Science for Social Good,https://github.com/dssg-pt/covid19pt-data
Qatar,QAT,"Moderna, Pfizer/BioNTech",2021-08-07,Ministry of Public Health,https://covid19.moph.gov.qa/EN/Pages/Vaccination-Program-Data.aspx
Romania,ROU,"Johnson&Johnson, Moderna, Oxford/AstraZeneca, Pfizer/BioNTech",2021-08-06,Government of Romania via datelazi.ro,https://datelazi.ro/
Russia,RUS,"EpiVacCorona, Sputnik V",2021-08-07,Official data from local governments via gogov.ru,https://gogov.ru/articles/covid-v-stats
Rwanda,RWA,"Moderna, Oxford/AstraZeneca, Pfizer/BioNTech",2021-08-03,World Health Organization,https://covid19.who.int/
Saint Helena,SHN,Oxford/AstraZeneca,2021-05-05,Government of Saint Helena,https://www.sainthelena.gov.sh/2021/news/preliminary-data-from-the-covid-19-vaccination-programme/
Saint Kitts and Nevis,KNA,Oxford/AstraZeneca,2021-08-05,Government of Saint Kitts and Nevis,https://www.facebook.com/StKittsHPU/photos/a.158729094910938/965348750915631/
Saint Lucia,LCA,Oxford/AstraZeneca,2021-08-07,Ministry of Health,https://www.covid19response.lc/
Saint Vincent and the Grenadines,VCT,Oxford/AstraZeneca,2021-08-04,Ministry of Health,https://www.facebook.com/SVGHEALTH/posts/4722715407788845
Samoa,WSM,Oxford/AstraZeneca,2021-08-02,SPC Public Health Division,https://stats.pacificdata.org/vis?tm=covid&pg=0&df[ds]=SPC2&df[id]=DF_COVID_VACCINATION&df[ag]=SPC&df[vs]=1.0
San Marino,SMR,"Pfizer/BioNTech, Sputnik V",2021-08-05,Social Security Institute,https://vaccinocovid.iss.sm/
Sao Tome and Principe,STP,Oxford/AstraZeneca,2021-08-03,World Health Organization,https://covid19.who.int/
Saudi Arabia,SAU,"Oxford/AstraZeneca, Pfizer/BioNTech",2021-08-07,Saudi Health Council,https://covid19.moh.gov.sa/
Scotland,OWID_SCT,"Moderna, Oxford/AstraZeneca, Pfizer/BioNTech",2021-08-06,Government of the United Kingdom,https://coronavirus.data.gov.uk/details/vaccinations
Senegal,SEN,"Oxford/AstraZeneca, Sinopharm/Beijing",2021-08-03,World Health Organization,https://covid19.who.int/
Serbia,SRB,"Oxford/AstraZeneca, Pfizer/BioNTech, Sinopharm/Beijing, Sputnik V",2021-08-07,Government of Serbia,https://vakcinacija.gov.rs/
Seychelles,SYC,"Oxford/AstraZeneca, Sinopharm/Beijing",2021-07-22,Extended Programme for Immunisation,https://www.youtube.com/watch?v=glblVPyj1-w&ab_channel=SBC
Sierra Leone,SLE,"Oxford/AstraZeneca, Sinopharm/Beijing",2021-07-05,World Health Organization,https://covid19.who.int/
Singapore,SGP,"Moderna, Pfizer/BioNTech",2021-08-06,Ministry of Health,https://www.moh.gov.sg/covid-19/vaccination
Sint Maarten (Dutch part),SXM,"Moderna, Oxford/AstraZeneca, Pfizer/BioNTech",2021-07-30,World Health Organization,https://covid19.who.int/
Slovakia,SVK,"Moderna, Oxford/AstraZeneca, Pfizer/BioNTech",2021-08-06,Ministry of Health,https://github.com/Institut-Zdravotnych-Analyz/covid19-data
Slovenia,SVN,"Oxford/AstraZeneca, Pfizer/BioNTech",2021-08-07,National Institute of Public Health via covid-19.sledilnik.org,https://covid-19.sledilnik.org/en/stats
Solomon Islands,SLB,Oxford/AstraZeneca,2021-08-02,SPC Public Health Division,https://stats.pacificdata.org/vis?tm=covid&pg=0&df[ds]=SPC2&df[id]=DF_COVID_VACCINATION&df[ag]=SPC&df[vs]=1.0
Somalia,SOM,"Johnson&Johnson, Oxford/AstraZeneca, Sinopharm/Beijing, Sinovac",2021-08-02,World Health Organization,https://covid19.who.int/
South Africa,ZAF,"Johnson&Johnson, Pfizer/BioNTech",2021-08-05,Ministry of Health,https://sacoronavirus.co.za/latest-vaccine-statistics/
South Korea,KOR,"Johnson&Johnson, Moderna, Oxford/AstraZeneca, Pfizer/BioNTech",2021-08-07,Korea Centers for Disease Control and Prevention,https://ncv.kdca.go.kr/
South Sudan,SSD,Oxford/AstraZeneca,2021-07-19,World Health Organization,https://covid19.who.int/
Spain,ESP,"Johnson&Johnson, Moderna, Oxford/AstraZeneca, Pfizer/BioNTech",2021-08-05,Ministry of Health,https://www.mscbs.gob.es/profesionales/saludPublica/ccayes/alertasActual/nCov/documentos/Informe_Comunicacion_20210806.ods
Sri Lanka,LKA,"Moderna, Oxford/AstraZeneca, Pfizer/BioNTech, Sinopharm/Beijing, Sputnik V",2021-08-07,Ministry of Health's Epidemiology Unit,https://www.epid.gov.lk/web/images/pdf/corona_virus_report/sitrep-sl-en-07-08_10_21.pdf
Sudan,SDN,"Johnson&Johnson, Oxford/AstraZeneca, Pfizer/BioNTech, Sinopharm/Beijing, Sinovac",2021-08-01,World Health Organization,https://covid19.who.int/
Suriname,SUR,Oxford/AstraZeneca,2021-08-07,Government of Suriname,https://laatjevaccineren.sr/
Sweden,SWE,"Moderna, Oxford/AstraZeneca, Pfizer/BioNTech",2021-08-06,Public Health Agency of Sweden,https://www.folkhalsomyndigheten.se/smittskydd-beredskap/utbrott/aktuella-utbrott/covid-19/vaccination-mot-covid-19/statistik/statistik-over-registrerade-vaccinationer-covid-19/
Switzerland,CHE,"Moderna, Pfizer/BioNTech",2021-08-05,Federal Office of Public Health,https://www.covid19.admin.ch/en/epidemiologic/vacc-doses?detGeo=CH
Syria,SYR,"Oxford/AstraZeneca, Sinopharm/Beijing, Sputnik V",2021-07-09,World Health Organization,https://covid19.who.int/
Taiwan,TWN,"Moderna, Oxford/AstraZeneca",2021-08-06,Taiwan Centers for Disease Control,https://www.cdc.gov.tw/Category/Page/9jFXNbCe-sFK9EImRRi2Og
Tajikistan,TJK,"Moderna, Oxford/AstraZeneca, Sinovac",2021-08-01,World Health Organization,https://covid19.who.int/
Thailand,THA,"Oxford/AstraZeneca, Sinovac",2021-08-05,Government of Thailand,https://ddc.moph.go.th/uploads/ckeditor2//files/Daily%20report%202021-08-06.pdf
Timor,TLS,"Oxford/AstraZeneca, Sinovac",2021-08-03,World Health Organization,https://covid19.who.int/
Togo,TGO,Oxford/AstraZeneca,2021-08-03,World Health Organization,https://covid19.who.int/
Tonga,TON,Oxford/AstraZeneca,2021-08-02,SPC Public Health Division,https://stats.pacificdata.org/vis?tm=covid&pg=0&df[ds]=SPC2&df[id]=DF_COVID_VACCINATION&df[ag]=SPC&df[vs]=1.0
Trinidad and Tobago,TTO,"Oxford/AstraZeneca, Sinopharm/Beijing",2021-08-07,Ministry of Health,https://experience.arcgis.com/experience/59226cacd2b441c7a939dca13f832112/
Tunisia,TUN,"Johnson&Johnson, Oxford/AstraZeneca, Pfizer/BioNTech, Sinovac, Sputnik V",2021-08-04,World Health Organization,https://www.facebook.com/santetunisie.rns.tn/posts/4373558156016588
Turkey,TUR,"Pfizer/BioNTech, Sinovac",2021-08-07,COVID-19 Vaccine Information Platform,https://covid19asi.saglik.gov.tr/
Turkmenistan,TKM,"EpiVacCorona, Oxford/AstraZeneca, Sinopharm/Beijing, Sputnik V",2021-04-04,World Health Organization,https://covid19.who.int/
Turks and Caicos Islands,TCA,Pfizer/BioNTech,2021-07-23,World Health Organization,https://covid19.who.int/
Tuvalu,TUV,Oxford/AstraZeneca,2021-06-15,SPC Public Health Division,https://stats.pacificdata.org/vis?tm=covid&pg=0&df[ds]=SPC2&df[id]=DF_COVID_VACCINATION&df[ag]=SPC&df[vs]=1.0
Uganda,UGA,Oxford/AstraZeneca,2021-08-05,Ministry of Health,https://www.health.go.ug/covid/
Ukraine,UKR,"Moderna, Oxford/AstraZeneca, Pfizer/BioNTech, Sinovac",2021-08-07,Ministry of Health,https://vaccination.covid19.gov.ua/
United Arab Emirates,ARE,"Oxford/AstraZeneca, Pfizer/BioNTech, Sinopharm/Beijing, Sinopharm/Wuhan, Sputnik V",2021-08-07,National Emergency Crisis and Disaster Management Authority,https://fcsc.gov.ae/en-us/Pages/Covid19/UAE-Covid-19-Updates.aspx
United Kingdom,GBR,"Moderna, Oxford/AstraZeneca, Pfizer/BioNTech",2021-08-06,Government of the United Kingdom,https://coronavirus.data.gov.uk/details/vaccinations
United States,USA,"Johnson&Johnson, Moderna, Pfizer/BioNTech",2021-08-07,Centers for Disease Control and Prevention,https://covid.cdc.gov/covid-data-tracker/COVIDData/getAjaxData?id=vaccination_data
Uruguay,URY,"Oxford/AstraZeneca, Pfizer/BioNTech, Sinovac",2021-08-07,Ministry of Health via vacuna.uy,https://monitor.uruguaysevacuna.gub.uy/
Uzbekistan,UZB,"Oxford/AstraZeneca, RBD-Dimer, Sputnik V",2021-08-02,Government of Uzbekistan,https://tashkenttimes.uz/national/7317-25-uzbek-adults-get-at-least-one-dose-of-covid-19-vaccine-health-ministry
Vanuatu,VUT,Oxford/AstraZeneca,2021-07-27,SPC Public Health Division,https://stats.pacificdata.org/vis?tm=covid&pg=0&df[ds]=SPC2&df[id]=DF_COVID_VACCINATION&df[ag]=SPC&df[vs]=1.0
Venezuela,VEN,"Sinopharm/Beijing, Sputnik V",2021-07-12,Pan American Health Organization,http://www.correodelorinoco.gob.ve/ministro-de-salud-casi-3-millones-de-venezolanos-han-recibido-primera-dosis-de-vacuna-contra-covid-19/
Vietnam,VNM,"Moderna, Oxford/AstraZeneca, Pfizer/BioNTech, Sinopharm/Beijing, Sputnik V",2021-08-07,Government of Vietnam,https://moh.gov.vn/tin-tong-hop/-/asset_publisher/k206Q9qkZOqn/content/ban-tin-dich-covid-19-sang-8-8-co-4-941-ca-mac-covid-19-gan-8-9-trieu-lieu-vaccine-a-uoc-tiem-chung
Wales,OWID_WLS,"Moderna, Oxford/AstraZeneca, Pfizer/BioNTech",2021-08-05,Government of the United Kingdom,https://coronavirus.data.gov.uk/details/vaccinations
Wallis and Futuna,WLF,Oxford/AstraZeneca,2021-08-02,SPC Public Health Division,https://stats.pacificdata.org/vis?tm=covid&pg=0&df[ds]=SPC2&df[id]=DF_COVID_VACCINATION&df[ag]=SPC&df[vs]=1.0
Yemen,YEM,Oxford/AstraZeneca,2021-07-27,World Health Organization,https://covid19.who.int/
Zambia,ZMB,"Oxford/AstraZeneca, Sinopharm/Beijing",2021-08-07,Government of Zambia,https://rtc-planning.maps.arcgis.com/apps/dashboards/3b3a01c1d8444932ba075fb44b119b63
Zimbabwe,ZWE,"Sinopharm/Beijing, Sinovac, Sputnik V",2021-08-04,Ministry of Health,https://twitter.com/MoHCCZim/status/1423037345402695681
